Id,Category
0,ApplyLipstick
1,ApplyLipstick
2,ApplyLipstick
3,ApplyLipstick
4,ApplyLipstick
5,ApplyLipstick
6,ApplyLipstick
7,ApplyLipstick
8,ApplyLipstick
9,ApplyLipstick
10,ApplyLipstick
11,ApplyLipstick
12,ApplyLipstick
13,ApplyLipstick
14,ApplyLipstick
15,ApplyLipstick
16,ApplyLipstick
17,ApplyLipstick
18,ApplyLipstick
19,ApplyLipstick
20,ApplyLipstick
21,ApplyLipstick
22,ApplyLipstick
23,ApplyLipstick
24,ApplyLipstick
25,ApplyLipstick
26,ApplyLipstick
27,ApplyLipstick
28,ApplyLipstick
29,ApplyLipstick
30,ApplyLipstick
31,ApplyLipstick
32,ApplyLipstick
33,ApplyLipstick
34,ApplyLipstick
35,ApplyLipstick
36,ApplyLipstick
37,ApplyLipstick
38,ApplyLipstick
39,ApplyLipstick
40,ApplyLipstick
41,ApplyLipstick
42,ApplyLipstick
43,ApplyLipstick
44,ApplyLipstick
45,ApplyLipstick
46,ApplyLipstick
47,ApplyLipstick
48,ApplyLipstick
49,ApplyLipstick
50,ApplyLipstick
51,ApplyLipstick
52,ApplyLipstick
53,ApplyLipstick
54,ApplyLipstick
55,ApplyLipstick
56,ApplyLipstick
57,ApplyLipstick
58,ApplyLipstick
59,ApplyLipstick
60,ApplyLipstick
61,ApplyLipstick
62,ApplyLipstick
63,ApplyLipstick
64,ApplyLipstick
65,ApplyLipstick
66,ApplyLipstick
67,ApplyLipstick
68,ApplyLipstick
69,ApplyLipstick
70,ApplyLipstick
71,ApplyLipstick
72,ApplyLipstick
73,ApplyLipstick
74,ApplyLipstick
75,ApplyLipstick
76,ApplyLipstick
77,ApplyLipstick
78,ApplyLipstick
79,ApplyLipstick
80,ApplyLipstick
81,ApplyLipstick
82,ApplyLipstick
83,ApplyLipstick
84,ApplyLipstick
85,ApplyLipstick
86,ApplyLipstick
87,ApplyLipstick
88,ApplyLipstick
89,ApplyLipstick
90,ApplyLipstick
91,ApplyLipstick
92,ApplyLipstick
93,ApplyLipstick
94,ApplyLipstick
95,ApplyLipstick
96,ApplyLipstick
97,ApplyLipstick
98,ApplyLipstick
99,ApplyLipstick
100,ApplyLipstick
101,ApplyLipstick
102,ApplyLipstick
103,ApplyLipstick
104,ApplyLipstick
105,ApplyLipstick
106,ApplyLipstick
107,ApplyLipstick
108,ApplyLipstick
109,ApplyLipstick
110,ApplyLipstick
111,ApplyLipstick
112,ApplyLipstick
113,ApplyLipstick
114,ApplyLipstick
115,ApplyLipstick
116,ApplyLipstick
117,ApplyLipstick
118,ApplyLipstick
119,ApplyLipstick
120,ApplyLipstick
121,ApplyLipstick
122,ApplyLipstick
123,ApplyLipstick
124,ApplyLipstick
125,ApplyLipstick
126,ApplyLipstick
127,ApplyLipstick
128,ApplyLipstick
129,ApplyLipstick
130,ApplyLipstick
131,ApplyLipstick
132,ApplyLipstick
133,ApplyLipstick
134,ApplyLipstick
135,ApplyLipstick
136,ApplyLipstick
137,ApplyLipstick
138,ApplyLipstick
139,ApplyLipstick
140,ApplyLipstick
141,ApplyLipstick
142,ApplyLipstick
143,ApplyLipstick
144,ApplyLipstick
145,ApplyLipstick
146,ApplyLipstick
147,ApplyLipstick
148,ApplyLipstick
149,ApplyLipstick
150,ApplyLipstick
151,ApplyLipstick
152,ApplyLipstick
153,ApplyLipstick
154,ApplyLipstick
155,ApplyLipstick
156,ApplyLipstick
157,ApplyLipstick
158,ApplyLipstick
159,ApplyLipstick
160,ApplyLipstick
161,ApplyLipstick
162,ApplyLipstick
163,ApplyLipstick
164,ApplyLipstick
165,ApplyLipstick
166,ApplyLipstick
167,ApplyLipstick
168,ApplyLipstick
169,ApplyLipstick
170,ApplyLipstick
171,ApplyLipstick
172,ApplyLipstick
173,ApplyLipstick
174,ApplyLipstick
175,ApplyLipstick
176,ApplyLipstick
177,ApplyLipstick
178,ApplyLipstick
179,ApplyLipstick
180,ApplyLipstick
181,ApplyLipstick
182,ApplyLipstick
183,ApplyLipstick
184,ApplyLipstick
185,ApplyLipstick
186,ApplyLipstick
187,ApplyLipstick
188,ApplyLipstick
189,ApplyLipstick
190,ApplyLipstick
191,ApplyLipstick
192,ApplyLipstick
193,ApplyLipstick
194,ApplyLipstick
195,ApplyLipstick
196,ApplyLipstick
197,ApplyLipstick
198,ApplyLipstick
199,ApplyLipstick
200,ApplyLipstick
201,ApplyLipstick
202,ApplyLipstick
203,ApplyLipstick
204,ApplyLipstick
205,ApplyLipstick
206,ApplyLipstick
207,ApplyLipstick
208,ApplyLipstick
209,ApplyLipstick
210,ApplyLipstick
211,ApplyLipstick
212,ApplyLipstick
213,ApplyLipstick
214,ApplyLipstick
215,ApplyLipstick
216,ApplyLipstick
217,ApplyLipstick
218,ApplyLipstick
219,ApplyLipstick
220,ApplyLipstick
221,ApplyLipstick
222,ApplyLipstick
223,ApplyLipstick
224,ApplyLipstick
225,ApplyLipstick
226,ApplyLipstick
227,ApplyLipstick
228,ApplyLipstick
229,ApplyLipstick
230,ApplyLipstick
231,ApplyLipstick
232,ApplyLipstick
233,ApplyLipstick
234,ApplyLipstick
235,ApplyLipstick
236,ApplyLipstick
237,ApplyLipstick
238,ApplyLipstick
239,ApplyLipstick
240,ApplyLipstick
241,ApplyLipstick
242,ApplyLipstick
243,ApplyLipstick
244,ApplyLipstick
245,ApplyLipstick
246,ApplyLipstick
247,ApplyLipstick
248,ApplyLipstick
249,ApplyLipstick
250,ApplyLipstick
251,ApplyLipstick
252,ApplyLipstick
253,ApplyLipstick
254,ApplyLipstick
255,ApplyLipstick
256,ApplyLipstick
257,ApplyLipstick
258,ApplyLipstick
259,ApplyLipstick
260,ApplyLipstick
261,ApplyLipstick
262,ApplyLipstick
263,ApplyLipstick
264,ApplyLipstick
265,ApplyLipstick
266,ApplyLipstick
267,ApplyLipstick
268,ApplyLipstick
269,ApplyLipstick
270,ApplyLipstick
271,ApplyLipstick
272,ApplyLipstick
273,ApplyLipstick
274,ApplyLipstick
275,ApplyLipstick
276,ApplyLipstick
277,ApplyLipstick
278,ApplyLipstick
279,ApplyLipstick
280,ApplyLipstick
281,ApplyLipstick
282,ApplyLipstick
283,ApplyLipstick
284,ApplyLipstick
285,ApplyLipstick
286,ApplyLipstick
287,ApplyLipstick
288,ApplyLipstick
289,ApplyLipstick
290,ApplyLipstick
291,ApplyLipstick
292,ApplyLipstick
293,ApplyLipstick
294,ApplyLipstick
295,ApplyLipstick
296,ApplyLipstick
297,ApplyLipstick
298,ApplyLipstick
299,ApplyLipstick
300,ApplyLipstick
301,ApplyLipstick
302,ApplyLipstick
303,ApplyLipstick
304,ApplyLipstick
305,ApplyLipstick
306,ApplyLipstick
307,ApplyLipstick
308,ApplyLipstick
309,ApplyLipstick
310,ApplyLipstick
311,ApplyLipstick
312,ApplyLipstick
313,ApplyLipstick
314,ApplyLipstick
315,ApplyLipstick
316,ApplyLipstick
317,ApplyLipstick
318,ApplyLipstick
319,ApplyLipstick
320,ApplyLipstick
321,ApplyLipstick
322,ApplyLipstick
323,ApplyLipstick
324,ApplyLipstick
325,ApplyLipstick
326,ApplyLipstick
327,ApplyLipstick
328,ApplyLipstick
329,ApplyLipstick
330,ApplyLipstick
331,ApplyLipstick
332,ApplyLipstick
333,ApplyLipstick
334,ApplyLipstick
335,ApplyLipstick
336,ApplyLipstick
337,ApplyLipstick
338,ApplyLipstick
339,ApplyLipstick
340,ApplyLipstick
341,ApplyLipstick
342,ApplyLipstick
343,ApplyLipstick
344,ApplyLipstick
345,ApplyLipstick
346,ApplyLipstick
347,ApplyLipstick
348,ApplyLipstick
349,ApplyLipstick
350,ApplyLipstick
351,ApplyLipstick
352,ApplyLipstick
353,ApplyLipstick
354,ApplyLipstick
355,ApplyLipstick
356,ApplyLipstick
357,ApplyLipstick
358,ApplyLipstick
359,ApplyLipstick
360,ApplyLipstick
361,ApplyLipstick
362,ApplyLipstick
363,ApplyLipstick
364,ApplyLipstick
365,ApplyLipstick
366,ApplyLipstick
367,ApplyLipstick
368,ApplyLipstick
369,ApplyLipstick
370,ApplyLipstick
371,ApplyLipstick
372,ApplyLipstick
373,ApplyLipstick
374,ApplyLipstick
375,ApplyLipstick
376,ApplyLipstick
377,ApplyLipstick
378,ApplyLipstick
379,ApplyLipstick
380,ApplyLipstick
381,ApplyLipstick
382,ApplyLipstick
383,ApplyLipstick
384,ApplyLipstick
385,ApplyLipstick
386,ApplyLipstick
387,ApplyLipstick
388,ApplyLipstick
389,ApplyLipstick
390,ApplyLipstick
391,ApplyLipstick
392,ApplyLipstick
393,ApplyLipstick
394,ApplyLipstick
395,ApplyLipstick
396,ApplyLipstick
397,ApplyLipstick
398,ApplyLipstick
399,ApplyLipstick
400,ApplyLipstick
401,ApplyLipstick
402,ApplyLipstick
403,ApplyLipstick
404,ApplyLipstick
405,ApplyLipstick
406,ApplyLipstick
407,ApplyLipstick
408,ApplyLipstick
409,ApplyLipstick
410,ApplyLipstick
411,ApplyLipstick
412,ApplyLipstick
413,ApplyLipstick
414,ApplyLipstick
415,ApplyLipstick
416,ApplyLipstick
417,ApplyLipstick
418,ApplyLipstick
419,ApplyLipstick
420,ApplyLipstick
421,ApplyLipstick
422,ApplyLipstick
423,ApplyLipstick
424,ApplyLipstick
425,ApplyLipstick
426,ApplyLipstick
427,ApplyLipstick
428,ApplyLipstick
429,ApplyLipstick
430,ApplyLipstick
431,ApplyLipstick
432,ApplyLipstick
433,ApplyLipstick
434,ApplyLipstick
435,ApplyLipstick
436,ApplyLipstick
437,ApplyLipstick
438,ApplyLipstick
439,ApplyLipstick
440,ApplyLipstick
441,ApplyLipstick
442,ApplyLipstick
443,ApplyLipstick
444,ApplyLipstick
445,ApplyLipstick
446,ApplyLipstick
447,ApplyLipstick
448,ApplyLipstick
449,ApplyLipstick
450,ApplyLipstick
451,ApplyLipstick
452,ApplyLipstick
453,ApplyLipstick
454,ApplyLipstick
455,ApplyLipstick
456,ApplyLipstick
457,ApplyLipstick
458,ApplyLipstick
459,ApplyLipstick
460,ApplyLipstick
461,ApplyLipstick
462,ApplyLipstick
463,ApplyLipstick
464,ApplyLipstick
465,ApplyLipstick
466,ApplyLipstick
467,ApplyLipstick
468,ApplyLipstick
469,ApplyLipstick
470,ApplyLipstick
471,ApplyLipstick
472,ApplyLipstick
473,ApplyLipstick
474,ApplyLipstick
475,ApplyLipstick
476,ApplyLipstick
477,ApplyLipstick
478,ApplyLipstick
479,ApplyLipstick
480,ApplyLipstick
481,ApplyLipstick
482,ApplyLipstick
483,ApplyLipstick
484,ApplyLipstick
485,ApplyLipstick
486,ApplyLipstick
487,ApplyLipstick
488,ApplyLipstick
489,ApplyLipstick
490,ApplyLipstick
491,ApplyLipstick
492,ApplyLipstick
493,ApplyLipstick
494,ApplyLipstick
495,ApplyLipstick
496,ApplyLipstick
497,ApplyLipstick
498,ApplyLipstick
499,ApplyLipstick
500,ApplyLipstick
501,ApplyLipstick
502,ApplyLipstick
503,ApplyLipstick
504,ApplyLipstick
