Id,Category
0,edge
1,edge
2,edge
3,edge
4,edge
5,edge
6,edge
7,edge
8,edge
9,edge
10,edge
11,edge
12,edge
13,edge
14,edge
15,edge
16,edge
17,edge
18,edge
19,edge
20,edge
21,edge
22,edge
23,edge
24,edge
25,edge
26,edge
27,edge
28,edge
29,edge
30,edge
31,edge
32,edge
33,edge
34,edge
35,edge
36,edge
37,edge
38,edge
39,edge
40,edge
41,edge
42,edge
43,edge
44,edge
45,edge
46,edge
47,edge
48,edge
49,edge
50,edge
51,edge
52,edge
53,edge
54,edge
55,edge
56,edge
57,edge
58,edge
59,edge
60,edge
61,edge
62,edge
63,edge
64,edge
65,edge
66,edge
67,edge
68,edge
69,edge
70,edge
71,edge
72,edge
73,edge
74,edge
75,edge
76,edge
77,edge
78,edge
79,edge
80,edge
81,edge
82,edge
83,edge
84,edge
85,edge
86,edge
87,edge
88,edge
89,edge
90,edge
91,edge
92,edge
93,edge
94,edge
95,edge
96,edge
97,edge
98,edge
99,edge
100,edge
101,edge
102,edge
103,edge
104,edge
105,edge
106,edge
107,edge
108,edge
109,edge
110,edge
111,edge
112,edge
113,edge
114,edge
115,edge
116,edge
117,edge
118,edge
119,edge
120,edge
121,edge
122,edge
123,edge
124,edge
125,edge
126,edge
127,edge
128,edge
129,edge
130,edge
131,edge
132,edge
133,edge
134,edge
135,edge
136,edge
137,edge
138,edge
139,edge
140,edge
141,edge
142,edge
143,edge
144,edge
145,edge
146,edge
147,edge
148,edge
149,edge
150,edge
151,edge
152,edge
153,edge
154,edge
155,edge
156,edge
157,edge
158,edge
159,edge
160,edge
161,edge
162,edge
163,edge
164,edge
165,edge
166,edge
167,edge
168,edge
169,edge
170,edge
171,edge
172,edge
173,edge
174,edge
175,edge
176,edge
177,edge
178,edge
179,edge
180,edge
181,edge
182,edge
183,edge
184,edge
185,edge
186,edge
187,edge
188,edge
189,edge
190,edge
191,edge
192,edge
193,edge
194,edge
195,edge
196,edge
197,edge
198,edge
199,edge
200,edge
201,edge
202,edge
203,edge
204,edge
205,edge
206,edge
207,edge
208,edge
209,edge
210,edge
211,edge
212,edge
213,edge
214,edge
215,edge
216,edge
217,edge
218,edge
219,edge
220,edge
221,edge
222,edge
223,edge
224,edge
225,edge
226,edge
227,edge
228,edge
229,edge
230,edge
231,edge
232,edge
233,edge
234,edge
235,edge
236,edge
237,edge
238,edge
239,edge
240,edge
241,edge
242,edge
243,edge
244,edge
245,edge
246,edge
247,edge
248,edge
249,edge
250,edge
251,edge
252,edge
253,edge
254,edge
255,edge
256,edge
257,edge
258,edge
259,edge
260,edge
261,edge
262,edge
263,edge
264,edge
265,edge
266,edge
267,edge
268,edge
269,edge
270,edge
271,edge
272,edge
273,edge
274,edge
275,edge
276,edge
277,edge
278,edge
279,edge
280,edge
281,edge
282,edge
283,edge
284,edge
285,edge
286,edge
287,edge
288,edge
289,edge
290,edge
291,edge
292,edge
293,edge
294,edge
295,edge
296,edge
297,edge
298,edge
299,edge
300,edge
301,edge
302,edge
303,edge
304,edge
305,edge
306,edge
307,edge
308,edge
309,edge
310,edge
311,edge
312,edge
313,edge
314,edge
315,edge
316,edge
317,edge
318,edge
319,edge
320,edge
321,edge
322,edge
323,edge
324,edge
325,edge
326,edge
327,edge
328,edge
329,edge
330,edge
331,edge
332,edge
333,edge
334,edge
335,edge
336,edge
337,edge
338,edge
339,edge
340,edge
341,edge
342,edge
343,edge
344,edge
345,edge
346,edge
347,edge
348,edge
349,edge
350,edge
351,edge
352,edge
353,edge
354,edge
355,edge
356,edge
357,edge
358,edge
359,edge
360,edge
361,edge
362,edge
363,edge
364,edge
365,edge
366,edge
367,edge
368,edge
369,edge
370,edge
371,edge
372,edge
373,edge
374,edge
375,edge
376,edge
377,edge
378,edge
379,edge
380,edge
381,edge
382,edge
383,edge
384,edge
385,edge
386,edge
387,edge
388,edge
389,edge
390,edge
391,edge
392,edge
393,edge
394,edge
395,edge
396,edge
397,edge
398,edge
399,edge
400,edge
401,edge
402,edge
403,edge
404,edge
405,edge
406,edge
407,edge
408,edge
409,edge
410,edge
411,edge
412,edge
413,edge
414,edge
415,edge
416,edge
417,edge
418,edge
419,edge
420,edge
421,edge
422,edge
423,edge
424,edge
425,edge
426,edge
427,edge
428,edge
429,edge
430,edge
431,edge
432,edge
433,edge
434,edge
435,edge
436,edge
437,edge
438,edge
439,edge
440,edge
441,edge
442,edge
443,edge
444,edge
445,edge
446,edge
447,edge
448,edge
449,edge
450,edge
451,edge
452,edge
453,edge
454,edge
455,edge
456,edge
457,edge
458,edge
459,edge
460,edge
461,edge
462,edge
463,edge
464,edge
465,edge
466,edge
467,edge
468,edge
469,edge
470,edge
471,edge
472,edge
473,edge
474,edge
475,edge
476,edge
477,edge
478,edge
479,edge
480,edge
481,edge
482,edge
483,edge
484,edge
485,edge
486,edge
487,edge
488,edge
489,edge
490,edge
491,edge
492,edge
493,edge
494,edge
495,edge
496,edge
497,edge
498,edge
499,edge
500,edge
501,edge
502,edge
503,edge
504,edge
505,edge
506,edge
507,edge
508,edge
509,edge
510,edge
511,edge
512,edge
513,edge
514,edge
515,edge
516,edge
517,edge
518,edge
519,edge
520,edge
521,edge
522,edge
523,edge
524,edge
525,edge
526,edge
527,edge
528,edge
529,edge
530,edge
531,edge
532,edge
533,edge
534,edge
535,edge
536,edge
537,edge
538,edge
539,edge
540,edge
541,edge
542,edge
543,edge
544,edge
545,edge
546,edge
547,edge
548,edge
549,edge
550,edge
551,edge
552,edge
553,edge
554,edge
555,edge
556,edge
557,edge
558,edge
559,edge
560,edge
561,edge
562,edge
563,edge
564,edge
565,edge
566,edge
567,edge
568,edge
569,edge
570,edge
571,edge
572,edge
573,edge
574,edge
575,edge
576,edge
577,edge
578,edge
579,edge
580,edge
581,edge
582,edge
583,edge
584,edge
585,edge
586,edge
587,edge
588,edge
589,edge
590,edge
591,edge
592,edge
593,edge
594,edge
595,edge
596,edge
597,edge
598,edge
599,edge
600,edge
601,edge
602,edge
603,edge
604,edge
605,edge
606,edge
607,edge
608,edge
609,edge
610,edge
611,edge
612,edge
613,edge
614,edge
615,edge
616,edge
617,edge
618,edge
619,edge
620,edge
621,edge
622,edge
623,edge
624,edge
625,edge
626,edge
627,edge
628,edge
629,edge
630,edge
631,edge
632,edge
633,edge
634,edge
635,edge
636,edge
637,edge
638,edge
639,edge
640,edge
641,edge
642,edge
643,edge
644,edge
645,edge
646,edge
647,edge
648,edge
649,edge
650,edge
651,edge
652,edge
653,edge
654,edge
655,edge
656,edge
657,edge
658,edge
659,edge
660,edge
661,edge
662,edge
663,edge
664,edge
665,edge
666,edge
667,edge
668,edge
669,edge
670,edge
671,edge
672,edge
673,edge
674,edge
675,edge
676,edge
677,edge
678,edge
679,edge
680,edge
681,edge
682,edge
683,edge
684,edge
685,edge
686,edge
687,edge
688,edge
689,edge
690,edge
691,edge
692,edge
693,edge
694,edge
695,edge
696,edge
697,edge
698,edge
699,edge
700,edge
701,edge
702,edge
703,edge
704,edge
705,edge
706,edge
707,edge
708,edge
709,edge
710,edge
711,edge
712,edge
713,edge
714,edge
715,edge
716,edge
717,edge
718,edge
719,edge
720,edge
721,edge
722,edge
723,edge
724,edge
725,edge
726,edge
727,edge
728,edge
729,edge
730,edge
731,edge
732,edge
733,edge
734,edge
735,edge
736,edge
737,edge
738,edge
739,edge
740,edge
741,edge
742,edge
743,edge
744,edge
745,edge
746,edge
747,edge
748,edge
749,edge
750,edge
751,edge
752,edge
753,edge
754,edge
755,edge
756,edge
757,edge
758,edge
759,edge
760,edge
761,edge
762,edge
763,edge
764,edge
765,edge
766,edge
767,edge
768,edge
769,edge
770,edge
771,edge
772,edge
773,edge
774,edge
775,edge
776,edge
777,edge
778,edge
779,edge
780,edge
781,edge
782,edge
783,edge
784,edge
785,edge
786,edge
787,edge
788,edge
789,edge
790,edge
791,edge
792,edge
793,edge
794,edge
795,edge
796,edge
797,edge
798,edge
799,edge
800,edge
801,edge
802,edge
803,edge
804,edge
805,edge
806,edge
807,edge
808,edge
809,edge
810,edge
811,edge
812,edge
813,edge
814,edge
815,edge
816,edge
817,edge
818,edge
819,edge
820,edge
821,edge
822,edge
823,edge
824,edge
825,edge
826,edge
827,edge
828,edge
829,edge
830,edge
831,edge
832,edge
833,edge
834,edge
835,edge
836,edge
837,edge
838,edge
839,edge
840,edge
841,edge
842,edge
843,edge
844,edge
845,edge
846,edge
847,edge
848,edge
849,edge
850,edge
851,edge
852,edge
853,edge
854,edge
855,edge
856,edge
857,edge
858,edge
859,edge
860,edge
861,edge
862,edge
863,edge
864,edge
865,edge
866,edge
867,edge
868,edge
869,edge
870,edge
871,edge
872,edge
873,edge
874,edge
875,edge
876,edge
877,edge
878,edge
879,edge
880,edge
881,edge
882,edge
883,edge
884,edge
885,edge
886,edge
887,edge
888,edge
889,edge
890,edge
891,edge
892,edge
893,edge
894,edge
895,edge
896,edge
897,edge
898,edge
899,edge
900,edge
901,edge
902,edge
903,edge
904,edge
905,edge
906,edge
907,edge
908,edge
909,edge
910,edge
911,edge
912,edge
913,edge
914,edge
915,edge
916,edge
917,edge
918,edge
919,edge
920,edge
921,edge
922,edge
923,edge
924,edge
925,edge
926,edge
927,edge
928,edge
929,edge
930,edge
931,edge
932,edge
933,edge
934,edge
935,edge
936,edge
937,edge
938,edge
939,edge
940,edge
941,edge
942,edge
943,edge
944,edge
945,edge
946,edge
947,edge
948,edge
949,edge
950,edge
951,edge
952,edge
953,edge
954,edge
955,edge
956,edge
957,edge
958,edge
959,edge
960,edge
961,edge
962,edge
963,edge
964,edge
965,edge
966,edge
967,edge
968,edge
969,edge
970,edge
971,edge
972,edge
973,edge
974,edge
975,edge
976,edge
977,edge
978,edge
979,edge
980,edge
981,edge
982,edge
983,edge
984,edge
985,edge
986,edge
987,edge
988,edge
989,edge
990,edge
991,edge
992,edge
993,edge
994,edge
995,edge
996,edge
997,edge
998,edge
999,edge
1000,edge
1001,edge
1002,edge
1003,edge
1004,edge
1005,edge
1006,edge
1007,edge
1008,edge
1009,edge
1010,edge
1011,edge
1012,edge
1013,edge
1014,edge
1015,edge
1016,edge
1017,edge
1018,edge
1019,edge
1020,edge
1021,edge
1022,edge
1023,edge
1024,edge
1025,edge
1026,edge
1027,edge
1028,edge
1029,edge
1030,edge
1031,edge
1032,edge
1033,edge
1034,edge
1035,edge
1036,edge
1037,edge
1038,edge
1039,edge
1040,edge
1041,edge
1042,edge
1043,edge
1044,edge
1045,edge
1046,edge
1047,edge
1048,edge
1049,edge
1050,edge
1051,edge
1052,edge
1053,edge
1054,edge
1055,edge
1056,edge
1057,edge
1058,edge
1059,edge
1060,edge
1061,edge
1062,edge
1063,edge
1064,edge
1065,edge
1066,edge
1067,edge
1068,edge
1069,edge
1070,edge
1071,edge
1072,edge
1073,edge
1074,edge
1075,edge
1076,edge
1077,edge
1078,edge
1079,edge
1080,edge
1081,edge
1082,edge
1083,edge
1084,edge
1085,edge
1086,edge
1087,edge
1088,edge
1089,edge
1090,edge
1091,edge
1092,edge
1093,edge
1094,edge
1095,edge
1096,edge
1097,edge
1098,edge
1099,edge
1100,edge
1101,edge
1102,edge
1103,edge
1104,edge
1105,edge
1106,edge
1107,edge
1108,edge
1109,edge
1110,edge
1111,edge
1112,edge
1113,edge
1114,edge
1115,edge
1116,edge
1117,edge
1118,edge
1119,edge
1120,edge
1121,edge
1122,edge
1123,edge
1124,edge
1125,edge
1126,edge
1127,edge
1128,edge
1129,edge
1130,edge
1131,edge
1132,edge
1133,edge
1134,edge
1135,edge
1136,edge
1137,edge
1138,edge
1139,edge
1140,edge
1141,edge
1142,edge
1143,edge
1144,edge
1145,edge
1146,edge
1147,edge
1148,edge
1149,edge
1150,edge
1151,edge
1152,edge
1153,edge
1154,edge
1155,edge
1156,edge
1157,edge
1158,edge
1159,edge
1160,edge
1161,edge
1162,edge
1163,edge
1164,edge
1165,edge
1166,edge
1167,edge
1168,edge
1169,edge
1170,edge
1171,edge
1172,edge
1173,edge
1174,edge
1175,edge
1176,edge
1177,edge
1178,edge
1179,edge
1180,edge
1181,edge
1182,edge
1183,edge
1184,edge
1185,edge
1186,edge
1187,edge
1188,edge
1189,edge
1190,edge
1191,edge
1192,edge
1193,edge
1194,edge
1195,edge
1196,edge
1197,edge
1198,edge
1199,edge
1200,edge
1201,edge
1202,edge
1203,edge
1204,edge
1205,edge
1206,edge
1207,edge
1208,edge
1209,edge
1210,edge
1211,edge
1212,edge
1213,edge
1214,edge
1215,edge
1216,edge
1217,edge
1218,edge
1219,edge
1220,edge
1221,edge
1222,edge
1223,edge
1224,edge
1225,edge
1226,edge
1227,edge
1228,edge
1229,edge
1230,edge
1231,edge
1232,edge
1233,edge
1234,edge
1235,edge
1236,edge
1237,edge
1238,edge
1239,edge
1240,edge
1241,edge
1242,edge
1243,edge
1244,edge
1245,edge
1246,edge
1247,edge
1248,edge
1249,edge
1250,edge
1251,edge
1252,edge
1253,edge
1254,edge
1255,edge
1256,edge
1257,edge
1258,edge
1259,edge
1260,edge
1261,edge
1262,edge
1263,edge
1264,edge
1265,edge
1266,edge
1267,edge
1268,edge
1269,edge
1270,edge
1271,edge
1272,edge
1273,edge
1274,edge
1275,edge
1276,edge
1277,edge
1278,edge
1279,edge
1280,edge
1281,edge
1282,edge
1283,edge
1284,edge
1285,edge
1286,edge
1287,edge
1288,edge
1289,edge
1290,edge
1291,edge
1292,edge
1293,edge
1294,edge
1295,edge
1296,edge
1297,edge
1298,edge
1299,edge
1300,edge
1301,edge
1302,edge
1303,edge
1304,edge
1305,edge
1306,edge
1307,edge
1308,edge
1309,edge
1310,edge
1311,edge
1312,edge
1313,edge
1314,edge
1315,edge
1316,edge
1317,edge
1318,edge
1319,edge
1320,edge
1321,edge
1322,edge
1323,edge
1324,edge
1325,edge
1326,edge
1327,edge
1328,edge
1329,edge
1330,edge
1331,edge
1332,edge
1333,edge
1334,edge
1335,edge
1336,edge
1337,edge
1338,edge
1339,edge
1340,edge
1341,edge
1342,edge
1343,edge
1344,edge
1345,edge
1346,edge
1347,edge
1348,edge
1349,edge
1350,edge
1351,edge
1352,edge
1353,edge
1354,edge
1355,edge
1356,edge
1357,edge
1358,edge
1359,edge
1360,edge
1361,edge
1362,edge
1363,edge
1364,edge
1365,edge
1366,edge
1367,edge
1368,edge
1369,edge
1370,edge
1371,edge
1372,edge
1373,edge
1374,edge
1375,edge
1376,edge
1377,edge
1378,edge
1379,edge
1380,edge
1381,edge
1382,edge
1383,edge
1384,edge
1385,edge
1386,edge
1387,edge
1388,edge
1389,edge
1390,edge
1391,edge
1392,edge
1393,edge
1394,edge
1395,edge
1396,edge
1397,edge
1398,edge
1399,edge
1400,edge
1401,edge
1402,edge
1403,edge
1404,edge
1405,edge
1406,edge
1407,edge
1408,edge
1409,edge
1410,edge
1411,edge
1412,edge
1413,edge
1414,edge
1415,edge
1416,edge
1417,edge
1418,edge
1419,edge
1420,edge
1421,edge
1422,edge
1423,edge
1424,edge
1425,edge
1426,edge
1427,edge
1428,edge
1429,edge
1430,edge
1431,edge
1432,edge
1433,edge
1434,edge
1435,edge
1436,edge
1437,edge
1438,edge
1439,edge
1440,edge
1441,edge
1442,edge
1443,edge
1444,edge
1445,edge
1446,edge
1447,edge
1448,edge
1449,edge
1450,edge
1451,edge
1452,edge
1453,edge
1454,edge
1455,edge
1456,edge
1457,edge
1458,edge
1459,edge
1460,edge
1461,edge
1462,edge
1463,edge
1464,edge
1465,edge
1466,edge
1467,edge
1468,edge
1469,edge
1470,edge
1471,edge
1472,edge
1473,edge
1474,edge
1475,edge
1476,edge
1477,edge
1478,edge
1479,edge
1480,edge
1481,edge
1482,edge
1483,edge
1484,edge
1485,edge
1486,edge
1487,edge
1488,edge
1489,edge
1490,edge
1491,edge
1492,edge
1493,edge
1494,edge
1495,edge
1496,edge
1497,edge
1498,edge
1499,edge
1500,edge
1501,edge
1502,edge
1503,edge
1504,edge
1505,edge
1506,edge
1507,edge
1508,edge
1509,edge
1510,edge
1511,edge
1512,edge
1513,edge
1514,edge
1515,edge
1516,edge
1517,edge
1518,edge
1519,edge
1520,edge
1521,edge
1522,edge
1523,edge
1524,edge
1525,edge
1526,edge
1527,edge
1528,edge
1529,edge
1530,edge
1531,edge
1532,edge
1533,edge
1534,edge
1535,edge
1536,edge
1537,edge
1538,edge
1539,edge
1540,edge
1541,edge
1542,edge
1543,edge
1544,edge
1545,edge
1546,edge
1547,edge
1548,edge
1549,edge
1550,edge
1551,edge
1552,edge
1553,edge
1554,edge
1555,edge
1556,edge
1557,edge
1558,edge
1559,edge
1560,edge
1561,edge
1562,edge
1563,edge
1564,edge
1565,edge
1566,edge
1567,edge
1568,edge
1569,edge
1570,edge
1571,edge
1572,edge
1573,edge
1574,edge
1575,edge
1576,edge
1577,edge
1578,edge
1579,edge
1580,edge
1581,edge
1582,edge
1583,edge
1584,edge
1585,edge
1586,edge
1587,edge
1588,edge
1589,edge
1590,edge
1591,edge
1592,edge
1593,edge
1594,edge
1595,edge
1596,edge
1597,edge
1598,edge
1599,edge
1600,edge
1601,edge
1602,edge
1603,edge
1604,edge
1605,edge
1606,edge
1607,edge
1608,edge
1609,edge
1610,edge
1611,edge
1612,edge
1613,edge
1614,edge
1615,edge
1616,edge
1617,edge
1618,edge
1619,edge
1620,edge
1621,edge
1622,edge
1623,edge
1624,edge
1625,edge
1626,edge
1627,edge
1628,edge
1629,edge
1630,edge
1631,edge
1632,edge
1633,edge
1634,edge
1635,edge
1636,edge
1637,edge
1638,edge
1639,edge
1640,edge
1641,edge
1642,edge
1643,edge
1644,edge
1645,edge
1646,edge
1647,edge
1648,edge
1649,edge
1650,edge
1651,edge
1652,edge
1653,edge
1654,edge
1655,edge
1656,edge
1657,edge
1658,edge
1659,edge
1660,edge
1661,edge
1662,edge
1663,edge
1664,edge
1665,edge
1666,edge
1667,edge
1668,edge
1669,edge
1670,edge
1671,edge
1672,edge
1673,edge
1674,edge
1675,edge
1676,edge
1677,edge
1678,edge
1679,edge
1680,edge
1681,edge
1682,edge
1683,edge
1684,edge
1685,edge
1686,edge
1687,edge
1688,edge
1689,edge
1690,edge
1691,edge
1692,edge
1693,edge
1694,edge
1695,edge
1696,edge
1697,edge
1698,edge
1699,edge
1700,edge
1701,edge
1702,edge
1703,edge
1704,edge
1705,edge
1706,edge
1707,edge
1708,edge
1709,edge
1710,edge
1711,edge
1712,edge
1713,edge
1714,edge
1715,edge
1716,edge
1717,edge
1718,edge
1719,edge
1720,edge
1721,edge
1722,edge
1723,edge
1724,edge
1725,edge
1726,edge
1727,edge
1728,edge
1729,edge
1730,edge
1731,edge
1732,edge
1733,edge
1734,edge
1735,edge
1736,edge
1737,edge
1738,edge
1739,edge
1740,edge
1741,edge
1742,edge
1743,edge
1744,edge
1745,edge
1746,edge
1747,edge
1748,edge
1749,edge
1750,edge
1751,edge
1752,edge
1753,edge
1754,edge
1755,edge
1756,edge
1757,edge
1758,edge
1759,edge
1760,edge
1761,edge
1762,edge
1763,edge
1764,edge
1765,edge
1766,edge
1767,edge
1768,edge
1769,edge
1770,edge
1771,edge
1772,edge
1773,edge
1774,edge
1775,edge
1776,edge
1777,edge
1778,edge
1779,edge
1780,edge
1781,edge
1782,edge
1783,edge
1784,edge
1785,edge
1786,edge
1787,edge
1788,edge
1789,edge
1790,edge
1791,edge
1792,edge
1793,edge
1794,edge
1795,edge
1796,edge
1797,edge
1798,edge
1799,edge
1800,edge
1801,edge
1802,edge
1803,edge
1804,edge
1805,edge
1806,edge
1807,edge
1808,edge
1809,edge
1810,edge
1811,edge
1812,edge
1813,edge
1814,edge
1815,edge
1816,edge
1817,edge
1818,edge
1819,edge
1820,edge
1821,edge
1822,edge
1823,edge
1824,edge
1825,edge
1826,edge
1827,edge
1828,edge
1829,edge
1830,edge
1831,edge
1832,edge
1833,edge
1834,edge
1835,edge
1836,edge
1837,edge
1838,edge
1839,edge
1840,edge
1841,edge
1842,edge
1843,edge
1844,edge
1845,edge
1846,edge
1847,edge
1848,edge
1849,edge
1850,edge
1851,edge
1852,edge
1853,edge
1854,edge
1855,edge
1856,edge
1857,edge
1858,edge
1859,edge
1860,edge
1861,edge
1862,edge
1863,edge
1864,edge
1865,edge
1866,edge
1867,edge
1868,edge
1869,edge
1870,edge
1871,edge
1872,edge
1873,edge
1874,edge
1875,edge
1876,edge
1877,edge
1878,edge
1879,edge
1880,edge
1881,edge
1882,edge
1883,edge
1884,edge
1885,edge
1886,edge
1887,edge
1888,edge
1889,edge
1890,edge
1891,edge
1892,edge
1893,edge
1894,edge
1895,edge
1896,edge
1897,edge
1898,edge
1899,edge
1900,edge
1901,edge
1902,edge
1903,edge
1904,edge
1905,edge
1906,edge
1907,edge
1908,edge
1909,edge
1910,edge
1911,edge
1912,edge
1913,edge
1914,edge
1915,edge
1916,edge
1917,edge
1918,edge
1919,edge
1920,edge
1921,edge
1922,edge
1923,edge
1924,edge
1925,edge
1926,edge
1927,edge
1928,edge
1929,edge
1930,edge
1931,edge
1932,edge
1933,edge
1934,edge
1935,edge
1936,edge
1937,edge
1938,edge
1939,edge
1940,edge
1941,edge
1942,edge
1943,edge
1944,edge
1945,edge
1946,edge
1947,edge
1948,edge
1949,edge
1950,edge
1951,edge
1952,edge
1953,edge
1954,edge
1955,edge
1956,edge
1957,edge
1958,edge
1959,edge
1960,edge
1961,edge
1962,edge
1963,edge
1964,edge
1965,edge
1966,edge
1967,edge
1968,edge
1969,edge
1970,edge
1971,edge
1972,edge
1973,edge
1974,edge
1975,edge
1976,edge
1977,edge
1978,edge
1979,edge
1980,edge
1981,edge
1982,edge
1983,edge
1984,edge
1985,edge
1986,edge
1987,edge
1988,edge
1989,edge
1990,edge
1991,edge
1992,edge
1993,edge
1994,edge
1995,edge
1996,edge
1997,edge
1998,edge
1999,edge
2000,smooth
2001,smooth
2002,smooth
2003,smooth
2004,smooth
2005,smooth
2006,smooth
2007,smooth
2008,smooth
2009,smooth
2010,smooth
2011,smooth
2012,smooth
2013,smooth
2014,smooth
2015,smooth
2016,smooth
2017,smooth
2018,smooth
2019,smooth
2020,smooth
2021,smooth
2022,smooth
2023,smooth
2024,smooth
2025,smooth
2026,smooth
2027,smooth
2028,smooth
2029,smooth
2030,smooth
2031,smooth
2032,smooth
2033,smooth
2034,smooth
2035,smooth
2036,smooth
2037,smooth
2038,smooth
2039,smooth
2040,smooth
2041,smooth
2042,smooth
2043,smooth
2044,smooth
2045,smooth
2046,smooth
2047,smooth
2048,smooth
2049,smooth
2050,smooth
2051,smooth
2052,smooth
2053,smooth
2054,smooth
2055,smooth
2056,smooth
2057,smooth
2058,smooth
2059,smooth
2060,smooth
2061,smooth
2062,smooth
2063,smooth
2064,smooth
2065,smooth
2066,smooth
2067,smooth
2068,smooth
2069,smooth
2070,smooth
2071,smooth
2072,smooth
2073,smooth
2074,smooth
2075,smooth
2076,smooth
2077,smooth
2078,smooth
2079,smooth
2080,smooth
2081,smooth
2082,smooth
2083,smooth
2084,smooth
2085,smooth
2086,smooth
2087,smooth
2088,smooth
2089,smooth
2090,smooth
2091,smooth
2092,smooth
2093,smooth
2094,smooth
2095,smooth
2096,smooth
2097,smooth
2098,smooth
2099,smooth
2100,smooth
2101,smooth
2102,smooth
2103,smooth
2104,smooth
2105,smooth
2106,smooth
2107,smooth
2108,smooth
2109,smooth
2110,smooth
2111,smooth
2112,smooth
2113,smooth
2114,smooth
2115,smooth
2116,smooth
2117,smooth
2118,smooth
2119,smooth
2120,smooth
2121,smooth
2122,smooth
2123,smooth
2124,smooth
2125,smooth
2126,smooth
2127,smooth
2128,smooth
2129,smooth
2130,smooth
2131,smooth
2132,smooth
2133,smooth
2134,smooth
2135,smooth
2136,smooth
2137,smooth
2138,smooth
2139,smooth
2140,smooth
2141,smooth
2142,smooth
2143,smooth
2144,smooth
2145,smooth
2146,smooth
2147,smooth
2148,smooth
2149,smooth
2150,smooth
2151,smooth
2152,smooth
2153,smooth
2154,smooth
2155,smooth
2156,smooth
2157,smooth
2158,smooth
2159,smooth
2160,smooth
2161,smooth
2162,smooth
2163,smooth
2164,smooth
2165,smooth
2166,smooth
2167,smooth
2168,smooth
2169,smooth
2170,smooth
2171,smooth
2172,smooth
2173,smooth
2174,smooth
2175,smooth
2176,smooth
2177,smooth
2178,smooth
2179,smooth
2180,smooth
2181,smooth
2182,smooth
2183,smooth
2184,smooth
2185,smooth
2186,smooth
2187,smooth
2188,smooth
2189,smooth
2190,smooth
2191,smooth
2192,smooth
2193,smooth
2194,smooth
2195,smooth
2196,smooth
2197,smooth
2198,smooth
2199,smooth
2200,smooth
2201,smooth
2202,smooth
2203,smooth
2204,smooth
2205,smooth
2206,smooth
2207,smooth
2208,smooth
2209,smooth
2210,smooth
2211,smooth
2212,smooth
2213,smooth
2214,smooth
2215,smooth
2216,smooth
2217,smooth
2218,smooth
2219,smooth
2220,smooth
2221,smooth
2222,smooth
2223,smooth
2224,smooth
2225,smooth
2226,smooth
2227,smooth
2228,smooth
2229,smooth
2230,smooth
2231,smooth
2232,smooth
2233,smooth
2234,smooth
2235,smooth
2236,smooth
2237,smooth
2238,smooth
2239,smooth
2240,smooth
2241,smooth
2242,smooth
2243,smooth
2244,smooth
2245,smooth
2246,smooth
2247,smooth
2248,smooth
2249,smooth
2250,smooth
2251,smooth
2252,smooth
2253,smooth
2254,smooth
2255,smooth
2256,smooth
2257,smooth
2258,smooth
2259,smooth
2260,smooth
2261,smooth
2262,smooth
2263,smooth
2264,smooth
2265,smooth
2266,smooth
2267,smooth
2268,smooth
2269,smooth
2270,smooth
2271,smooth
2272,smooth
2273,smooth
2274,smooth
2275,smooth
2276,smooth
2277,smooth
2278,smooth
2279,smooth
2280,smooth
2281,smooth
2282,smooth
2283,smooth
2284,smooth
2285,smooth
2286,smooth
2287,smooth
2288,smooth
2289,smooth
2290,smooth
2291,smooth
2292,smooth
2293,smooth
2294,smooth
2295,smooth
2296,smooth
2297,smooth
2298,smooth
2299,smooth
2300,smooth
2301,smooth
2302,smooth
2303,smooth
2304,smooth
2305,smooth
2306,smooth
2307,smooth
2308,smooth
2309,smooth
2310,smooth
2311,smooth
2312,smooth
2313,smooth
2314,smooth
2315,smooth
2316,smooth
2317,smooth
2318,smooth
2319,smooth
2320,smooth
2321,smooth
2322,smooth
2323,smooth
2324,smooth
2325,smooth
2326,smooth
2327,smooth
2328,smooth
2329,smooth
2330,smooth
2331,smooth
2332,smooth
2333,smooth
2334,smooth
2335,smooth
2336,smooth
2337,smooth
2338,smooth
2339,smooth
2340,smooth
2341,smooth
2342,smooth
2343,smooth
2344,smooth
2345,smooth
2346,smooth
2347,smooth
2348,smooth
2349,smooth
2350,smooth
2351,smooth
2352,smooth
2353,smooth
2354,smooth
2355,smooth
2356,smooth
2357,smooth
2358,smooth
2359,smooth
2360,smooth
2361,smooth
2362,smooth
2363,smooth
2364,smooth
2365,smooth
2366,smooth
2367,smooth
2368,smooth
2369,smooth
2370,smooth
2371,smooth
2372,smooth
2373,smooth
2374,smooth
2375,smooth
2376,smooth
2377,smooth
2378,smooth
2379,smooth
2380,smooth
2381,smooth
2382,smooth
2383,smooth
2384,smooth
2385,smooth
2386,smooth
2387,smooth
2388,smooth
2389,smooth
2390,smooth
2391,smooth
2392,smooth
2393,smooth
2394,smooth
2395,smooth
2396,smooth
2397,smooth
2398,smooth
2399,smooth
2400,smooth
2401,smooth
2402,smooth
2403,smooth
2404,smooth
2405,smooth
2406,smooth
2407,smooth
2408,smooth
2409,smooth
2410,smooth
2411,smooth
2412,smooth
2413,smooth
2414,smooth
2415,smooth
2416,smooth
2417,smooth
2418,smooth
2419,smooth
2420,smooth
2421,smooth
2422,smooth
2423,smooth
2424,smooth
2425,smooth
2426,smooth
2427,smooth
2428,smooth
2429,smooth
2430,smooth
2431,smooth
2432,smooth
2433,smooth
2434,smooth
2435,smooth
2436,smooth
2437,smooth
2438,smooth
2439,smooth
2440,smooth
2441,smooth
2442,smooth
2443,smooth
2444,smooth
2445,smooth
2446,smooth
2447,smooth
2448,smooth
2449,smooth
2450,smooth
2451,smooth
2452,smooth
2453,smooth
2454,smooth
2455,smooth
2456,smooth
2457,smooth
2458,smooth
2459,smooth
2460,smooth
2461,smooth
2462,smooth
2463,smooth
2464,smooth
2465,smooth
2466,smooth
2467,smooth
2468,smooth
2469,smooth
2470,smooth
2471,smooth
2472,smooth
2473,smooth
2474,smooth
2475,smooth
2476,smooth
2477,smooth
2478,smooth
2479,smooth
2480,smooth
2481,smooth
2482,smooth
2483,smooth
2484,smooth
2485,smooth
2486,smooth
2487,smooth
2488,smooth
2489,smooth
2490,smooth
2491,smooth
2492,smooth
2493,smooth
2494,smooth
2495,smooth
2496,smooth
2497,smooth
2498,smooth
2499,smooth
2500,smooth
2501,smooth
2502,smooth
2503,smooth
2504,smooth
2505,smooth
2506,smooth
2507,smooth
2508,smooth
2509,smooth
2510,smooth
2511,smooth
2512,smooth
2513,smooth
2514,smooth
2515,smooth
2516,smooth
2517,smooth
2518,smooth
2519,smooth
2520,smooth
2521,smooth
2522,smooth
2523,smooth
2524,smooth
2525,smooth
2526,smooth
2527,smooth
2528,smooth
2529,smooth
2530,smooth
2531,smooth
2532,smooth
2533,smooth
2534,smooth
2535,smooth
2536,smooth
2537,smooth
2538,smooth
2539,smooth
2540,smooth
2541,smooth
2542,smooth
2543,smooth
2544,smooth
2545,smooth
2546,smooth
2547,smooth
2548,smooth
2549,smooth
2550,smooth
2551,smooth
2552,smooth
2553,smooth
2554,smooth
2555,smooth
2556,smooth
2557,smooth
2558,smooth
2559,smooth
2560,smooth
2561,smooth
2562,smooth
2563,smooth
2564,smooth
2565,smooth
2566,smooth
2567,smooth
2568,smooth
2569,smooth
2570,smooth
2571,smooth
2572,smooth
2573,smooth
2574,smooth
2575,smooth
2576,smooth
2577,smooth
2578,smooth
2579,smooth
2580,smooth
2581,smooth
2582,smooth
2583,smooth
2584,smooth
2585,smooth
2586,smooth
2587,smooth
2588,smooth
2589,smooth
2590,smooth
2591,smooth
2592,smooth
2593,smooth
2594,smooth
2595,smooth
2596,smooth
2597,smooth
2598,smooth
2599,smooth
2600,smooth
2601,smooth
2602,smooth
2603,smooth
2604,smooth
2605,smooth
2606,smooth
2607,smooth
2608,smooth
2609,smooth
2610,smooth
2611,smooth
2612,smooth
2613,smooth
2614,smooth
2615,smooth
2616,smooth
2617,smooth
2618,smooth
2619,smooth
2620,smooth
2621,smooth
2622,smooth
2623,smooth
2624,smooth
2625,smooth
2626,smooth
2627,smooth
2628,smooth
2629,smooth
2630,smooth
2631,smooth
2632,smooth
2633,smooth
2634,smooth
2635,smooth
2636,smooth
2637,smooth
2638,smooth
2639,smooth
2640,smooth
2641,smooth
2642,smooth
2643,smooth
2644,smooth
2645,smooth
2646,smooth
2647,smooth
2648,smooth
2649,smooth
2650,smooth
2651,smooth
2652,smooth
2653,smooth
2654,smooth
2655,smooth
2656,smooth
2657,smooth
2658,smooth
2659,smooth
2660,smooth
2661,smooth
2662,smooth
2663,smooth
2664,smooth
2665,smooth
2666,smooth
2667,smooth
2668,smooth
2669,smooth
2670,smooth
2671,smooth
2672,smooth
2673,smooth
2674,smooth
2675,smooth
2676,smooth
2677,smooth
2678,smooth
2679,smooth
2680,smooth
2681,smooth
2682,smooth
2683,smooth
2684,smooth
2685,smooth
2686,smooth
2687,smooth
2688,smooth
2689,smooth
2690,smooth
2691,smooth
2692,smooth
2693,smooth
2694,smooth
2695,smooth
2696,smooth
2697,smooth
2698,smooth
2699,smooth
2700,smooth
2701,smooth
2702,smooth
2703,smooth
2704,smooth
2705,smooth
2706,smooth
2707,smooth
2708,smooth
2709,smooth
2710,smooth
2711,smooth
2712,smooth
2713,smooth
2714,smooth
2715,smooth
2716,smooth
2717,smooth
2718,smooth
2719,smooth
2720,smooth
2721,smooth
2722,smooth
2723,smooth
2724,smooth
2725,smooth
2726,smooth
2727,smooth
2728,smooth
2729,smooth
2730,smooth
2731,smooth
2732,smooth
2733,smooth
2734,smooth
2735,smooth
2736,smooth
2737,smooth
2738,smooth
2739,smooth
2740,smooth
2741,smooth
2742,smooth
2743,smooth
2744,smooth
2745,smooth
2746,smooth
2747,smooth
2748,smooth
2749,smooth
2750,smooth
2751,smooth
2752,smooth
2753,smooth
2754,smooth
2755,smooth
2756,smooth
2757,smooth
2758,smooth
2759,smooth
2760,smooth
2761,smooth
2762,smooth
2763,smooth
2764,smooth
2765,smooth
2766,smooth
2767,smooth
2768,smooth
2769,smooth
2770,smooth
2771,smooth
2772,smooth
2773,smooth
2774,smooth
2775,smooth
2776,smooth
2777,smooth
2778,smooth
2779,smooth
2780,smooth
2781,smooth
2782,smooth
2783,smooth
2784,smooth
2785,smooth
2786,smooth
2787,smooth
2788,smooth
2789,smooth
2790,smooth
2791,smooth
2792,smooth
2793,smooth
2794,smooth
2795,smooth
2796,smooth
2797,smooth
2798,smooth
2799,smooth
2800,smooth
2801,smooth
2802,smooth
2803,smooth
2804,smooth
2805,smooth
2806,smooth
2807,smooth
2808,smooth
2809,smooth
2810,smooth
2811,smooth
2812,smooth
2813,smooth
2814,smooth
2815,smooth
2816,smooth
2817,smooth
2818,smooth
2819,smooth
2820,smooth
2821,smooth
2822,smooth
2823,smooth
2824,smooth
2825,smooth
2826,smooth
2827,smooth
2828,smooth
2829,smooth
2830,smooth
2831,smooth
2832,smooth
2833,smooth
2834,smooth
2835,smooth
2836,smooth
2837,smooth
2838,smooth
2839,smooth
2840,smooth
2841,smooth
2842,smooth
2843,smooth
2844,smooth
2845,smooth
2846,smooth
2847,smooth
2848,smooth
2849,smooth
2850,smooth
2851,smooth
2852,smooth
2853,smooth
2854,smooth
2855,smooth
2856,smooth
2857,smooth
2858,smooth
2859,smooth
2860,smooth
2861,smooth
2862,smooth
2863,smooth
2864,smooth
2865,smooth
2866,smooth
2867,smooth
2868,smooth
2869,smooth
2870,smooth
2871,smooth
2872,smooth
2873,smooth
2874,smooth
2875,smooth
2876,smooth
2877,smooth
2878,smooth
2879,smooth
2880,smooth
2881,smooth
2882,smooth
2883,smooth
2884,smooth
2885,smooth
2886,smooth
2887,smooth
2888,smooth
2889,smooth
2890,smooth
2891,smooth
2892,smooth
2893,smooth
2894,smooth
2895,smooth
2896,smooth
2897,smooth
2898,smooth
2899,smooth
2900,smooth
2901,smooth
2902,smooth
2903,smooth
2904,smooth
2905,smooth
2906,smooth
2907,smooth
2908,smooth
2909,smooth
2910,smooth
2911,smooth
2912,smooth
2913,smooth
2914,smooth
2915,smooth
2916,smooth
2917,smooth
2918,smooth
2919,smooth
2920,smooth
2921,smooth
2922,smooth
2923,smooth
2924,smooth
2925,smooth
2926,smooth
2927,smooth
2928,smooth
2929,smooth
2930,smooth
2931,smooth
2932,smooth
2933,smooth
2934,smooth
2935,smooth
2936,smooth
2937,smooth
2938,smooth
2939,smooth
2940,smooth
2941,smooth
2942,smooth
2943,smooth
2944,smooth
2945,smooth
2946,smooth
2947,smooth
2948,smooth
2949,smooth
2950,smooth
2951,smooth
2952,smooth
2953,smooth
2954,smooth
2955,smooth
2956,smooth
2957,smooth
2958,smooth
2959,smooth
2960,smooth
2961,smooth
2962,smooth
2963,smooth
2964,smooth
2965,smooth
2966,smooth
2967,smooth
2968,smooth
2969,smooth
2970,smooth
2971,smooth
2972,smooth
2973,smooth
2974,smooth
2975,smooth
2976,smooth
2977,smooth
2978,smooth
2979,smooth
2980,smooth
2981,smooth
2982,smooth
2983,smooth
2984,smooth
2985,smooth
2986,smooth
2987,smooth
2988,smooth
2989,smooth
2990,smooth
2991,smooth
2992,smooth
2993,smooth
2994,smooth
2995,smooth
2996,smooth
2997,smooth
2998,smooth
2999,smooth
3000,smooth
3001,smooth
3002,smooth
3003,smooth
3004,smooth
3005,smooth
3006,smooth
3007,smooth
3008,smooth
3009,smooth
3010,smooth
3011,smooth
3012,smooth
3013,smooth
3014,smooth
3015,smooth
3016,smooth
3017,smooth
3018,smooth
3019,smooth
3020,smooth
3021,smooth
3022,smooth
3023,smooth
3024,smooth
3025,smooth
3026,smooth
3027,smooth
3028,smooth
3029,smooth
3030,smooth
3031,smooth
3032,smooth
3033,smooth
3034,smooth
3035,smooth
3036,smooth
3037,smooth
3038,smooth
3039,smooth
3040,smooth
3041,smooth
3042,smooth
3043,smooth
3044,smooth
3045,smooth
3046,smooth
3047,smooth
3048,smooth
3049,smooth
3050,smooth
3051,smooth
3052,smooth
3053,smooth
3054,smooth
3055,smooth
3056,smooth
3057,smooth
3058,smooth
3059,smooth
3060,smooth
3061,smooth
3062,smooth
3063,smooth
3064,smooth
3065,smooth
3066,smooth
3067,smooth
3068,smooth
3069,smooth
3070,smooth
3071,smooth
3072,smooth
3073,smooth
3074,smooth
3075,smooth
3076,smooth
3077,smooth
3078,smooth
3079,smooth
3080,smooth
3081,smooth
3082,smooth
3083,smooth
3084,smooth
3085,smooth
3086,smooth
3087,smooth
3088,smooth
3089,smooth
3090,smooth
3091,smooth
3092,smooth
3093,smooth
3094,smooth
3095,smooth
3096,smooth
3097,smooth
3098,smooth
3099,smooth
3100,smooth
3101,smooth
3102,smooth
3103,smooth
3104,smooth
3105,smooth
3106,smooth
3107,smooth
3108,smooth
3109,smooth
3110,smooth
3111,smooth
3112,smooth
3113,smooth
3114,smooth
3115,smooth
3116,smooth
3117,smooth
3118,smooth
3119,smooth
3120,smooth
3121,smooth
3122,smooth
3123,smooth
3124,smooth
3125,smooth
3126,smooth
3127,smooth
3128,smooth
3129,smooth
3130,smooth
3131,smooth
3132,smooth
3133,smooth
3134,smooth
3135,smooth
3136,smooth
3137,smooth
3138,smooth
3139,smooth
3140,smooth
3141,smooth
3142,smooth
3143,smooth
3144,smooth
3145,smooth
3146,smooth
3147,smooth
3148,smooth
3149,smooth
3150,smooth
3151,smooth
3152,smooth
3153,smooth
3154,smooth
3155,smooth
3156,smooth
3157,smooth
3158,smooth
3159,smooth
3160,smooth
3161,smooth
3162,smooth
3163,smooth
3164,smooth
3165,smooth
3166,smooth
3167,smooth
3168,smooth
3169,smooth
3170,smooth
3171,smooth
3172,smooth
3173,smooth
3174,smooth
3175,smooth
3176,smooth
3177,smooth
3178,smooth
3179,smooth
3180,smooth
3181,smooth
3182,smooth
3183,smooth
3184,smooth
3185,smooth
3186,smooth
3187,smooth
3188,smooth
3189,smooth
3190,smooth
3191,smooth
3192,smooth
3193,smooth
3194,smooth
3195,smooth
3196,smooth
3197,smooth
3198,smooth
3199,smooth
3200,smooth
3201,smooth
3202,smooth
3203,smooth
3204,smooth
3205,smooth
3206,smooth
3207,smooth
3208,smooth
3209,smooth
3210,smooth
3211,smooth
3212,smooth
3213,smooth
3214,smooth
3215,smooth
3216,smooth
3217,smooth
3218,smooth
3219,smooth
3220,smooth
3221,smooth
3222,smooth
3223,smooth
3224,smooth
3225,smooth
3226,smooth
3227,smooth
3228,smooth
3229,smooth
3230,smooth
3231,smooth
3232,smooth
3233,smooth
3234,smooth
3235,smooth
3236,smooth
3237,smooth
3238,smooth
3239,smooth
3240,smooth
3241,smooth
3242,smooth
3243,smooth
3244,smooth
3245,smooth
3246,smooth
3247,smooth
3248,smooth
3249,smooth
3250,smooth
3251,smooth
3252,smooth
3253,smooth
3254,smooth
3255,smooth
3256,smooth
3257,smooth
3258,smooth
3259,smooth
3260,smooth
3261,smooth
3262,smooth
3263,smooth
3264,smooth
3265,smooth
3266,smooth
3267,smooth
3268,smooth
3269,smooth
3270,smooth
3271,smooth
3272,smooth
3273,smooth
3274,smooth
3275,smooth
3276,smooth
3277,smooth
3278,smooth
3279,smooth
3280,smooth
3281,smooth
3282,smooth
3283,smooth
3284,smooth
3285,smooth
3286,smooth
3287,smooth
3288,smooth
3289,smooth
3290,smooth
3291,smooth
3292,smooth
3293,smooth
3294,smooth
3295,smooth
3296,smooth
3297,smooth
3298,smooth
3299,smooth
3300,smooth
3301,smooth
3302,smooth
3303,smooth
3304,smooth
3305,smooth
3306,smooth
3307,smooth
3308,smooth
3309,smooth
3310,smooth
3311,smooth
3312,smooth
3313,smooth
3314,smooth
3315,smooth
3316,smooth
3317,smooth
3318,smooth
3319,smooth
3320,smooth
3321,smooth
3322,smooth
3323,smooth
3324,smooth
3325,smooth
3326,smooth
3327,smooth
3328,smooth
3329,smooth
3330,smooth
3331,smooth
3332,smooth
3333,smooth
3334,smooth
3335,smooth
3336,smooth
3337,smooth
3338,smooth
3339,smooth
3340,smooth
3341,smooth
3342,smooth
3343,smooth
3344,smooth
3345,smooth
3346,smooth
3347,smooth
3348,smooth
3349,smooth
3350,smooth
3351,smooth
3352,smooth
3353,smooth
3354,smooth
3355,smooth
3356,smooth
3357,smooth
3358,smooth
3359,smooth
3360,smooth
3361,smooth
3362,smooth
3363,smooth
3364,smooth
3365,smooth
3366,smooth
3367,smooth
3368,smooth
3369,smooth
3370,smooth
3371,smooth
3372,smooth
3373,smooth
3374,smooth
3375,smooth
3376,smooth
3377,smooth
3378,smooth
3379,smooth
3380,smooth
3381,smooth
3382,smooth
3383,smooth
3384,smooth
3385,smooth
3386,smooth
3387,smooth
3388,smooth
3389,smooth
3390,smooth
3391,smooth
3392,smooth
3393,smooth
3394,smooth
3395,smooth
3396,smooth
3397,smooth
3398,smooth
3399,smooth
3400,smooth
3401,smooth
3402,smooth
3403,smooth
3404,smooth
3405,smooth
3406,smooth
3407,smooth
3408,smooth
3409,smooth
3410,smooth
3411,smooth
3412,smooth
3413,smooth
3414,smooth
3415,smooth
3416,smooth
3417,smooth
3418,smooth
3419,smooth
3420,smooth
3421,smooth
3422,smooth
3423,smooth
3424,smooth
3425,smooth
3426,smooth
3427,smooth
3428,smooth
3429,smooth
3430,smooth
3431,smooth
3432,smooth
3433,smooth
3434,smooth
3435,smooth
3436,smooth
3437,smooth
3438,smooth
3439,smooth
3440,smooth
3441,smooth
3442,smooth
3443,smooth
3444,smooth
3445,smooth
3446,smooth
3447,smooth
3448,smooth
3449,smooth
3450,smooth
3451,smooth
3452,smooth
3453,smooth
3454,smooth
3455,smooth
3456,smooth
3457,smooth
3458,smooth
3459,smooth
3460,smooth
3461,smooth
3462,smooth
3463,smooth
3464,smooth
3465,smooth
3466,smooth
3467,smooth
3468,smooth
3469,smooth
3470,smooth
3471,smooth
3472,smooth
3473,smooth
3474,smooth
3475,smooth
3476,smooth
3477,smooth
3478,smooth
3479,smooth
3480,smooth
3481,smooth
3482,smooth
3483,smooth
3484,smooth
3485,smooth
3486,smooth
3487,smooth
3488,smooth
3489,smooth
3490,smooth
3491,smooth
3492,smooth
3493,smooth
3494,smooth
3495,smooth
3496,smooth
3497,smooth
3498,smooth
3499,smooth
3500,smooth
3501,smooth
3502,smooth
3503,smooth
3504,smooth
3505,smooth
3506,smooth
3507,smooth
3508,smooth
3509,smooth
3510,smooth
3511,smooth
3512,smooth
3513,smooth
3514,smooth
3515,smooth
3516,smooth
3517,smooth
3518,smooth
3519,smooth
3520,smooth
3521,smooth
3522,smooth
3523,smooth
3524,smooth
3525,smooth
3526,smooth
3527,smooth
3528,smooth
3529,smooth
3530,smooth
3531,smooth
3532,smooth
3533,smooth
3534,smooth
3535,smooth
3536,smooth
3537,smooth
3538,smooth
3539,smooth
3540,smooth
3541,smooth
3542,smooth
3543,smooth
3544,smooth
3545,smooth
3546,smooth
3547,smooth
3548,smooth
3549,smooth
3550,smooth
3551,smooth
3552,smooth
3553,smooth
3554,smooth
3555,smooth
3556,smooth
3557,smooth
3558,smooth
3559,smooth
3560,smooth
3561,smooth
3562,smooth
3563,smooth
3564,smooth
3565,smooth
3566,smooth
3567,smooth
3568,smooth
3569,smooth
3570,smooth
3571,smooth
3572,smooth
3573,smooth
3574,smooth
3575,smooth
3576,smooth
3577,smooth
3578,smooth
3579,smooth
3580,smooth
3581,smooth
3582,smooth
3583,smooth
3584,smooth
3585,smooth
3586,smooth
3587,smooth
3588,smooth
3589,smooth
3590,smooth
3591,smooth
3592,smooth
3593,smooth
3594,smooth
3595,smooth
3596,smooth
3597,smooth
3598,smooth
3599,smooth
3600,smooth
3601,smooth
3602,smooth
3603,smooth
3604,smooth
3605,smooth
3606,smooth
3607,smooth
3608,smooth
3609,smooth
3610,smooth
3611,smooth
3612,smooth
3613,smooth
3614,smooth
3615,smooth
3616,smooth
3617,smooth
3618,smooth
3619,smooth
3620,smooth
3621,smooth
3622,smooth
3623,smooth
3624,smooth
3625,smooth
3626,smooth
3627,smooth
3628,smooth
3629,smooth
3630,smooth
3631,smooth
3632,smooth
3633,smooth
3634,smooth
3635,smooth
3636,smooth
3637,smooth
3638,smooth
3639,smooth
3640,smooth
3641,smooth
3642,smooth
3643,smooth
3644,smooth
3645,smooth
3646,smooth
3647,smooth
3648,smooth
3649,smooth
3650,smooth
3651,smooth
3652,smooth
3653,smooth
3654,smooth
3655,smooth
3656,smooth
3657,smooth
3658,smooth
3659,smooth
3660,smooth
3661,smooth
3662,smooth
3663,smooth
3664,smooth
3665,smooth
3666,smooth
3667,smooth
3668,smooth
3669,smooth
3670,smooth
3671,smooth
3672,smooth
3673,smooth
3674,smooth
3675,smooth
3676,smooth
3677,smooth
3678,smooth
3679,smooth
3680,smooth
3681,smooth
3682,smooth
3683,smooth
3684,smooth
3685,smooth
3686,smooth
3687,smooth
3688,smooth
3689,smooth
3690,smooth
3691,smooth
3692,smooth
3693,smooth
3694,smooth
3695,smooth
3696,smooth
3697,smooth
3698,smooth
3699,smooth
3700,smooth
3701,smooth
3702,smooth
3703,smooth
3704,smooth
3705,smooth
3706,smooth
3707,smooth
3708,smooth
3709,smooth
3710,smooth
3711,smooth
3712,smooth
3713,smooth
3714,smooth
3715,smooth
3716,smooth
3717,smooth
3718,smooth
3719,smooth
3720,smooth
3721,smooth
3722,smooth
3723,smooth
3724,smooth
3725,smooth
3726,smooth
3727,smooth
3728,smooth
3729,smooth
3730,smooth
3731,smooth
3732,smooth
3733,smooth
3734,smooth
3735,smooth
3736,smooth
3737,smooth
3738,smooth
3739,smooth
3740,smooth
3741,smooth
3742,smooth
3743,smooth
3744,smooth
3745,smooth
3746,smooth
3747,smooth
3748,smooth
3749,smooth
3750,smooth
3751,smooth
3752,smooth
3753,smooth
3754,smooth
3755,smooth
3756,smooth
3757,smooth
3758,smooth
3759,smooth
3760,smooth
3761,smooth
3762,smooth
3763,smooth
3764,smooth
3765,smooth
3766,smooth
3767,smooth
3768,smooth
3769,smooth
3770,smooth
3771,smooth
3772,smooth
3773,smooth
3774,smooth
3775,smooth
3776,smooth
3777,smooth
3778,smooth
3779,smooth
3780,smooth
3781,smooth
3782,smooth
3783,smooth
3784,smooth
3785,smooth
3786,smooth
3787,smooth
3788,smooth
3789,smooth
3790,smooth
3791,smooth
3792,smooth
3793,smooth
3794,smooth
3795,smooth
3796,smooth
3797,smooth
3798,smooth
3799,smooth
3800,smooth
3801,smooth
3802,smooth
3803,smooth
3804,smooth
3805,smooth
3806,smooth
3807,smooth
3808,smooth
3809,smooth
3810,smooth
3811,smooth
3812,smooth
3813,smooth
3814,smooth
3815,smooth
3816,smooth
3817,smooth
3818,smooth
3819,smooth
3820,smooth
3821,smooth
3822,smooth
3823,smooth
3824,smooth
3825,smooth
3826,smooth
3827,smooth
3828,smooth
3829,smooth
3830,smooth
3831,smooth
3832,smooth
3833,smooth
3834,smooth
3835,smooth
3836,smooth
3837,smooth
3838,smooth
3839,smooth
3840,smooth
3841,smooth
3842,smooth
3843,smooth
3844,smooth
3845,smooth
3846,smooth
3847,smooth
3848,smooth
3849,smooth
3850,smooth
3851,smooth
3852,smooth
3853,smooth
3854,smooth
3855,smooth
3856,smooth
3857,smooth
3858,smooth
3859,smooth
3860,smooth
3861,smooth
3862,smooth
3863,smooth
3864,smooth
3865,smooth
3866,smooth
3867,smooth
3868,smooth
3869,smooth
3870,smooth
3871,smooth
3872,smooth
3873,smooth
3874,smooth
3875,smooth
3876,smooth
3877,smooth
3878,smooth
3879,smooth
3880,smooth
3881,smooth
3882,smooth
3883,smooth
3884,smooth
3885,smooth
3886,smooth
3887,smooth
3888,smooth
3889,smooth
3890,smooth
3891,smooth
3892,smooth
3893,smooth
3894,smooth
3895,smooth
3896,smooth
3897,smooth
3898,smooth
3899,smooth
3900,smooth
3901,smooth
3902,smooth
3903,smooth
3904,smooth
3905,smooth
3906,smooth
3907,smooth
3908,smooth
3909,smooth
3910,smooth
3911,smooth
3912,smooth
3913,smooth
3914,smooth
3915,smooth
3916,smooth
3917,smooth
3918,smooth
3919,smooth
3920,smooth
3921,smooth
3922,smooth
3923,smooth
3924,smooth
3925,smooth
3926,smooth
3927,smooth
3928,smooth
3929,smooth
3930,smooth
3931,smooth
3932,smooth
3933,smooth
3934,smooth
3935,smooth
3936,smooth
3937,smooth
3938,smooth
3939,smooth
3940,smooth
3941,smooth
3942,smooth
3943,smooth
3944,smooth
3945,smooth
3946,smooth
3947,smooth
3948,smooth
3949,smooth
3950,smooth
3951,smooth
3952,smooth
3953,smooth
3954,smooth
3955,smooth
3956,smooth
3957,smooth
3958,smooth
3959,smooth
3960,smooth
3961,smooth
3962,smooth
3963,smooth
3964,smooth
3965,smooth
3966,smooth
3967,smooth
3968,smooth
3969,smooth
3970,smooth
3971,smooth
3972,smooth
3973,smooth
3974,smooth
3975,smooth
3976,smooth
3977,smooth
3978,smooth
3979,smooth
3980,smooth
3981,smooth
3982,smooth
3983,smooth
3984,smooth
3985,smooth
3986,smooth
3987,smooth
3988,smooth
3989,smooth
3990,smooth
3991,smooth
3992,smooth
3993,smooth
3994,smooth
3995,smooth
3996,smooth
3997,smooth
3998,smooth
3999,smooth
4000,spiral
4001,spiral
4002,spiral
4003,spiral
4004,spiral
4005,spiral
4006,spiral
4007,spiral
4008,spiral
4009,spiral
4010,spiral
4011,spiral
4012,spiral
4013,spiral
4014,spiral
4015,spiral
4016,spiral
4017,spiral
4018,spiral
4019,spiral
4020,spiral
4021,spiral
4022,spiral
4023,spiral
4024,spiral
4025,spiral
4026,spiral
4027,spiral
4028,spiral
4029,spiral
4030,spiral
4031,spiral
4032,spiral
4033,spiral
4034,spiral
4035,spiral
4036,spiral
4037,spiral
4038,spiral
4039,spiral
4040,spiral
4041,spiral
4042,spiral
4043,spiral
4044,spiral
4045,spiral
4046,spiral
4047,spiral
4048,spiral
4049,spiral
4050,spiral
4051,spiral
4052,spiral
4053,spiral
4054,spiral
4055,spiral
4056,spiral
4057,spiral
4058,spiral
4059,spiral
4060,spiral
4061,spiral
4062,spiral
4063,spiral
4064,spiral
4065,spiral
4066,spiral
4067,spiral
4068,spiral
4069,spiral
4070,spiral
4071,spiral
4072,spiral
4073,spiral
4074,spiral
4075,spiral
4076,spiral
4077,spiral
4078,spiral
4079,spiral
4080,spiral
4081,spiral
4082,spiral
4083,spiral
4084,spiral
4085,spiral
4086,spiral
4087,spiral
4088,spiral
4089,spiral
4090,spiral
4091,spiral
4092,spiral
4093,spiral
4094,spiral
4095,spiral
4096,spiral
4097,spiral
4098,spiral
4099,spiral
4100,spiral
4101,spiral
4102,spiral
4103,spiral
4104,spiral
4105,spiral
4106,spiral
4107,spiral
4108,spiral
4109,spiral
4110,spiral
4111,spiral
4112,spiral
4113,spiral
4114,spiral
4115,spiral
4116,spiral
4117,spiral
4118,spiral
4119,spiral
4120,spiral
4121,spiral
4122,spiral
4123,spiral
4124,spiral
4125,spiral
4126,spiral
4127,spiral
4128,spiral
4129,spiral
4130,spiral
4131,spiral
4132,spiral
4133,spiral
4134,spiral
4135,spiral
4136,spiral
4137,spiral
4138,spiral
4139,spiral
4140,spiral
4141,spiral
4142,spiral
4143,spiral
4144,spiral
4145,spiral
4146,spiral
4147,spiral
4148,spiral
4149,spiral
4150,spiral
4151,spiral
4152,spiral
4153,spiral
4154,spiral
4155,spiral
4156,spiral
4157,spiral
4158,spiral
4159,spiral
4160,spiral
4161,spiral
4162,spiral
4163,spiral
4164,spiral
4165,spiral
4166,spiral
4167,spiral
4168,spiral
4169,spiral
4170,spiral
4171,spiral
4172,spiral
4173,spiral
4174,spiral
4175,spiral
4176,spiral
4177,spiral
4178,spiral
4179,spiral
4180,spiral
4181,spiral
4182,spiral
4183,spiral
4184,spiral
4185,spiral
4186,spiral
4187,spiral
4188,spiral
4189,spiral
4190,spiral
4191,spiral
4192,spiral
4193,spiral
4194,spiral
4195,spiral
4196,spiral
4197,spiral
4198,spiral
4199,spiral
4200,spiral
4201,spiral
4202,spiral
4203,spiral
4204,spiral
4205,spiral
4206,spiral
4207,spiral
4208,spiral
4209,spiral
4210,spiral
4211,spiral
4212,spiral
4213,spiral
4214,spiral
4215,spiral
4216,spiral
4217,spiral
4218,spiral
4219,spiral
4220,spiral
4221,spiral
4222,spiral
4223,spiral
4224,spiral
4225,spiral
4226,spiral
4227,spiral
4228,spiral
4229,spiral
4230,spiral
4231,spiral
4232,spiral
4233,spiral
4234,spiral
4235,spiral
4236,spiral
4237,spiral
4238,spiral
4239,spiral
4240,spiral
4241,spiral
4242,spiral
4243,spiral
4244,spiral
4245,spiral
4246,spiral
4247,spiral
4248,spiral
4249,spiral
4250,spiral
4251,spiral
4252,spiral
4253,spiral
4254,spiral
4255,spiral
4256,spiral
4257,spiral
4258,spiral
4259,spiral
4260,spiral
4261,spiral
4262,spiral
4263,spiral
4264,spiral
4265,spiral
4266,spiral
4267,spiral
4268,spiral
4269,spiral
4270,spiral
4271,spiral
4272,spiral
4273,spiral
4274,spiral
4275,spiral
4276,spiral
4277,spiral
4278,spiral
4279,spiral
4280,spiral
4281,spiral
4282,spiral
4283,spiral
4284,spiral
4285,spiral
4286,spiral
4287,spiral
4288,spiral
4289,spiral
4290,spiral
4291,spiral
4292,spiral
4293,spiral
4294,spiral
4295,spiral
4296,spiral
4297,spiral
4298,spiral
4299,spiral
4300,spiral
4301,spiral
4302,spiral
4303,spiral
4304,spiral
4305,spiral
4306,spiral
4307,spiral
4308,spiral
4309,spiral
4310,spiral
4311,spiral
4312,spiral
4313,spiral
4314,spiral
4315,spiral
4316,spiral
4317,spiral
4318,spiral
4319,spiral
4320,spiral
4321,spiral
4322,spiral
4323,spiral
4324,spiral
4325,spiral
4326,spiral
4327,spiral
4328,spiral
4329,spiral
4330,spiral
4331,spiral
4332,spiral
4333,spiral
4334,spiral
4335,spiral
4336,spiral
4337,spiral
4338,spiral
4339,spiral
4340,spiral
4341,spiral
4342,spiral
4343,spiral
4344,spiral
4345,spiral
4346,spiral
4347,spiral
4348,spiral
4349,spiral
4350,spiral
4351,spiral
4352,spiral
4353,spiral
4354,spiral
4355,spiral
4356,spiral
4357,spiral
4358,spiral
4359,spiral
4360,spiral
4361,spiral
4362,spiral
4363,spiral
4364,spiral
4365,spiral
4366,spiral
4367,spiral
4368,spiral
4369,spiral
4370,spiral
4371,spiral
4372,spiral
4373,spiral
4374,spiral
4375,spiral
4376,spiral
4377,spiral
4378,spiral
4379,spiral
4380,spiral
4381,spiral
4382,spiral
4383,spiral
4384,spiral
4385,spiral
4386,spiral
4387,spiral
4388,spiral
4389,spiral
4390,spiral
4391,spiral
4392,spiral
4393,spiral
4394,spiral
4395,spiral
4396,spiral
4397,spiral
4398,spiral
4399,spiral
4400,spiral
4401,spiral
4402,spiral
4403,spiral
4404,spiral
4405,spiral
4406,spiral
4407,spiral
4408,spiral
4409,spiral
4410,spiral
4411,spiral
4412,spiral
4413,spiral
4414,spiral
4415,spiral
4416,spiral
4417,spiral
4418,spiral
4419,spiral
4420,spiral
4421,spiral
4422,spiral
4423,spiral
4424,spiral
4425,spiral
4426,spiral
4427,spiral
4428,spiral
4429,spiral
4430,spiral
4431,spiral
4432,spiral
4433,spiral
4434,spiral
4435,spiral
4436,spiral
4437,spiral
4438,spiral
4439,spiral
4440,spiral
4441,spiral
4442,spiral
4443,spiral
4444,spiral
4445,spiral
4446,spiral
4447,spiral
4448,spiral
4449,spiral
4450,spiral
4451,spiral
4452,spiral
4453,spiral
4454,spiral
4455,spiral
4456,spiral
4457,spiral
4458,spiral
4459,spiral
4460,spiral
4461,spiral
4462,spiral
4463,spiral
4464,spiral
4465,spiral
4466,spiral
4467,spiral
4468,spiral
4469,spiral
4470,spiral
4471,spiral
4472,spiral
4473,spiral
4474,spiral
4475,spiral
4476,spiral
4477,spiral
4478,spiral
4479,spiral
4480,spiral
4481,spiral
4482,spiral
4483,spiral
4484,spiral
4485,spiral
4486,spiral
4487,spiral
4488,spiral
4489,spiral
4490,spiral
4491,spiral
4492,spiral
4493,spiral
4494,spiral
4495,spiral
4496,spiral
4497,spiral
4498,spiral
4499,spiral
4500,spiral
4501,spiral
4502,spiral
4503,spiral
4504,spiral
4505,spiral
4506,spiral
4507,spiral
4508,spiral
4509,spiral
4510,spiral
4511,spiral
4512,spiral
4513,spiral
4514,spiral
4515,spiral
4516,spiral
4517,spiral
4518,spiral
4519,spiral
4520,spiral
4521,spiral
4522,spiral
4523,spiral
4524,spiral
4525,spiral
4526,spiral
4527,spiral
4528,spiral
4529,spiral
4530,spiral
4531,spiral
4532,spiral
4533,spiral
4534,spiral
4535,spiral
4536,spiral
4537,spiral
4538,spiral
4539,spiral
4540,spiral
4541,spiral
4542,spiral
4543,spiral
4544,spiral
4545,spiral
4546,spiral
4547,spiral
4548,spiral
4549,spiral
4550,spiral
4551,spiral
4552,spiral
4553,spiral
4554,spiral
4555,spiral
4556,spiral
4557,spiral
4558,spiral
4559,spiral
4560,spiral
4561,spiral
4562,spiral
4563,spiral
4564,spiral
4565,spiral
4566,spiral
4567,spiral
4568,spiral
4569,spiral
4570,spiral
4571,spiral
4572,spiral
4573,spiral
4574,spiral
4575,spiral
4576,spiral
4577,spiral
4578,spiral
4579,spiral
4580,spiral
4581,spiral
4582,spiral
4583,spiral
4584,spiral
4585,spiral
4586,spiral
4587,spiral
4588,spiral
4589,spiral
4590,spiral
4591,spiral
4592,spiral
4593,spiral
4594,spiral
4595,spiral
4596,spiral
4597,spiral
4598,spiral
4599,spiral
4600,spiral
4601,spiral
4602,spiral
4603,spiral
4604,spiral
4605,spiral
4606,spiral
4607,spiral
4608,spiral
4609,spiral
4610,spiral
4611,spiral
4612,spiral
4613,spiral
4614,spiral
4615,spiral
4616,spiral
4617,spiral
4618,spiral
4619,spiral
4620,spiral
4621,spiral
4622,spiral
4623,spiral
4624,spiral
4625,spiral
4626,spiral
4627,spiral
4628,spiral
4629,spiral
4630,spiral
4631,spiral
4632,spiral
4633,spiral
4634,spiral
4635,spiral
4636,spiral
4637,spiral
4638,spiral
4639,spiral
4640,spiral
4641,spiral
4642,spiral
4643,spiral
4644,spiral
4645,spiral
4646,spiral
4647,spiral
4648,spiral
4649,spiral
4650,spiral
4651,spiral
4652,spiral
4653,spiral
4654,spiral
4655,spiral
4656,spiral
4657,spiral
4658,spiral
4659,spiral
4660,spiral
4661,spiral
4662,spiral
4663,spiral
4664,spiral
4665,spiral
4666,spiral
4667,spiral
4668,spiral
4669,spiral
4670,spiral
4671,spiral
4672,spiral
4673,spiral
4674,spiral
4675,spiral
4676,spiral
4677,spiral
4678,spiral
4679,spiral
4680,spiral
4681,spiral
4682,spiral
4683,spiral
4684,spiral
4685,spiral
4686,spiral
4687,spiral
4688,spiral
4689,spiral
4690,spiral
4691,spiral
4692,spiral
4693,spiral
4694,spiral
4695,spiral
4696,spiral
4697,spiral
4698,spiral
4699,spiral
4700,spiral
4701,spiral
4702,spiral
4703,spiral
4704,spiral
4705,spiral
4706,spiral
4707,spiral
4708,spiral
4709,spiral
4710,spiral
4711,spiral
4712,spiral
4713,spiral
4714,spiral
4715,spiral
4716,spiral
4717,spiral
4718,spiral
4719,spiral
4720,spiral
4721,spiral
4722,spiral
4723,spiral
4724,spiral
4725,spiral
4726,spiral
4727,spiral
4728,spiral
4729,spiral
4730,spiral
4731,spiral
4732,spiral
4733,spiral
4734,spiral
4735,spiral
4736,spiral
4737,spiral
4738,spiral
4739,spiral
4740,spiral
4741,spiral
4742,spiral
4743,spiral
4744,spiral
4745,spiral
4746,spiral
4747,spiral
4748,spiral
4749,spiral
4750,spiral
4751,spiral
4752,spiral
4753,spiral
4754,spiral
4755,spiral
4756,spiral
4757,spiral
4758,spiral
4759,spiral
4760,spiral
4761,spiral
4762,spiral
4763,spiral
4764,spiral
4765,spiral
4766,spiral
4767,spiral
4768,spiral
4769,spiral
4770,spiral
4771,spiral
4772,spiral
4773,spiral
4774,spiral
4775,spiral
4776,spiral
4777,spiral
4778,spiral
4779,spiral
4780,spiral
4781,spiral
4782,spiral
4783,spiral
4784,spiral
4785,spiral
4786,spiral
4787,spiral
4788,spiral
4789,spiral
4790,spiral
4791,spiral
4792,spiral
4793,spiral
4794,spiral
4795,spiral
4796,spiral
4797,spiral
4798,spiral
4799,spiral
4800,spiral
4801,spiral
4802,spiral
4803,spiral
4804,spiral
4805,spiral
4806,spiral
4807,spiral
4808,spiral
4809,spiral
4810,spiral
4811,spiral
4812,spiral
4813,spiral
4814,spiral
4815,spiral
4816,spiral
4817,spiral
4818,spiral
4819,spiral
4820,spiral
4821,spiral
4822,spiral
4823,spiral
4824,spiral
4825,spiral
4826,spiral
4827,spiral
4828,spiral
4829,spiral
4830,spiral
4831,spiral
4832,spiral
4833,spiral
4834,spiral
4835,spiral
4836,spiral
4837,spiral
4838,spiral
4839,spiral
4840,spiral
4841,spiral
4842,spiral
4843,spiral
4844,spiral
4845,spiral
4846,spiral
4847,spiral
4848,spiral
4849,spiral
4850,spiral
4851,spiral
4852,spiral
4853,spiral
4854,spiral
4855,spiral
4856,spiral
4857,spiral
4858,spiral
4859,spiral
4860,spiral
4861,spiral
4862,spiral
4863,spiral
4864,spiral
4865,spiral
4866,spiral
4867,spiral
4868,spiral
4869,spiral
4870,spiral
4871,spiral
4872,spiral
4873,spiral
4874,spiral
4875,spiral
4876,spiral
4877,spiral
4878,spiral
4879,spiral
4880,spiral
4881,spiral
4882,spiral
4883,spiral
4884,spiral
4885,spiral
4886,spiral
4887,spiral
4888,spiral
4889,spiral
4890,spiral
4891,spiral
4892,spiral
4893,spiral
4894,spiral
4895,spiral
4896,spiral
4897,spiral
4898,spiral
4899,spiral
4900,spiral
4901,spiral
4902,spiral
4903,spiral
4904,spiral
4905,spiral
4906,spiral
4907,spiral
4908,spiral
4909,spiral
4910,spiral
4911,spiral
4912,spiral
4913,spiral
4914,spiral
4915,spiral
4916,spiral
4917,spiral
4918,spiral
4919,spiral
4920,spiral
4921,spiral
4922,spiral
4923,spiral
4924,spiral
4925,spiral
4926,spiral
4927,spiral
4928,spiral
4929,spiral
4930,spiral
4931,spiral
4932,spiral
4933,spiral
4934,spiral
4935,spiral
4936,spiral
4937,spiral
4938,spiral
4939,spiral
4940,spiral
4941,spiral
4942,spiral
4943,spiral
4944,spiral
4945,spiral
4946,spiral
4947,spiral
4948,spiral
4949,spiral
4950,spiral
4951,spiral
4952,spiral
4953,spiral
4954,spiral
4955,spiral
4956,spiral
4957,spiral
4958,spiral
4959,spiral
4960,spiral
4961,spiral
4962,spiral
4963,spiral
4964,spiral
4965,spiral
4966,spiral
4967,spiral
4968,spiral
4969,spiral
4970,spiral
4971,spiral
4972,spiral
4973,spiral
4974,spiral
4975,spiral
4976,spiral
4977,spiral
4978,spiral
4979,spiral
4980,spiral
4981,spiral
4982,spiral
4983,spiral
4984,spiral
4985,spiral
4986,spiral
4987,spiral
4988,spiral
4989,spiral
4990,spiral
4991,spiral
4992,spiral
4993,spiral
4994,spiral
4995,spiral
4996,spiral
4997,spiral
4998,spiral
4999,spiral
5000,spiral
5001,spiral
5002,spiral
5003,spiral
5004,spiral
5005,spiral
5006,spiral
5007,spiral
5008,spiral
5009,spiral
5010,spiral
5011,spiral
5012,spiral
5013,spiral
5014,spiral
5015,spiral
5016,spiral
5017,spiral
5018,spiral
5019,spiral
5020,spiral
5021,spiral
5022,spiral
5023,spiral
5024,spiral
5025,spiral
5026,spiral
5027,spiral
5028,spiral
5029,spiral
5030,spiral
5031,spiral
5032,spiral
5033,spiral
5034,spiral
5035,spiral
5036,spiral
5037,spiral
5038,spiral
5039,spiral
5040,spiral
5041,spiral
5042,spiral
5043,spiral
5044,spiral
5045,spiral
5046,spiral
5047,spiral
5048,spiral
5049,spiral
5050,spiral
5051,spiral
5052,spiral
5053,spiral
5054,spiral
5055,spiral
5056,spiral
5057,spiral
5058,spiral
5059,spiral
5060,spiral
5061,spiral
5062,spiral
5063,spiral
5064,spiral
5065,spiral
5066,spiral
5067,spiral
5068,spiral
5069,spiral
5070,spiral
5071,spiral
5072,spiral
5073,spiral
5074,spiral
5075,spiral
5076,spiral
5077,spiral
5078,spiral
5079,spiral
5080,spiral
5081,spiral
5082,spiral
5083,spiral
5084,spiral
5085,spiral
5086,spiral
5087,spiral
5088,spiral
5089,spiral
5090,spiral
5091,spiral
5092,spiral
5093,spiral
5094,spiral
5095,spiral
5096,spiral
5097,spiral
5098,spiral
5099,spiral
5100,spiral
5101,spiral
5102,spiral
5103,spiral
5104,spiral
5105,spiral
5106,spiral
5107,spiral
5108,spiral
5109,spiral
5110,spiral
5111,spiral
5112,spiral
5113,spiral
5114,spiral
5115,spiral
5116,spiral
5117,spiral
5118,spiral
5119,spiral
5120,spiral
5121,spiral
5122,spiral
5123,spiral
5124,spiral
5125,spiral
5126,spiral
5127,spiral
5128,spiral
5129,spiral
5130,spiral
5131,spiral
5132,spiral
5133,spiral
5134,spiral
5135,spiral
5136,spiral
5137,spiral
5138,spiral
5139,spiral
5140,spiral
5141,spiral
5142,spiral
5143,spiral
5144,spiral
5145,spiral
5146,spiral
5147,spiral
5148,spiral
5149,spiral
5150,spiral
5151,spiral
5152,spiral
5153,spiral
5154,spiral
5155,spiral
5156,spiral
5157,spiral
5158,spiral
5159,spiral
5160,spiral
5161,spiral
5162,spiral
5163,spiral
5164,spiral
5165,spiral
5166,spiral
5167,spiral
5168,spiral
5169,spiral
5170,spiral
5171,spiral
5172,spiral
5173,spiral
5174,spiral
5175,spiral
5176,spiral
5177,spiral
5178,spiral
5179,spiral
5180,spiral
5181,spiral
5182,spiral
5183,spiral
5184,spiral
5185,spiral
5186,spiral
5187,spiral
5188,spiral
5189,spiral
5190,spiral
5191,spiral
5192,spiral
5193,spiral
5194,spiral
5195,spiral
5196,spiral
5197,spiral
5198,spiral
5199,spiral
5200,spiral
5201,spiral
5202,spiral
5203,spiral
5204,spiral
5205,spiral
5206,spiral
5207,spiral
5208,spiral
5209,spiral
5210,spiral
5211,spiral
5212,spiral
5213,spiral
5214,spiral
5215,spiral
5216,spiral
5217,spiral
5218,spiral
5219,spiral
5220,spiral
5221,spiral
5222,spiral
5223,spiral
5224,spiral
5225,spiral
5226,spiral
5227,spiral
5228,spiral
5229,spiral
5230,spiral
5231,spiral
5232,spiral
5233,spiral
5234,spiral
5235,spiral
5236,spiral
5237,spiral
5238,spiral
5239,spiral
5240,spiral
5241,spiral
5242,spiral
5243,spiral
5244,spiral
5245,spiral
5246,spiral
5247,spiral
5248,spiral
5249,spiral
5250,spiral
5251,spiral
5252,spiral
5253,spiral
5254,spiral
5255,spiral
5256,spiral
5257,spiral
5258,spiral
5259,spiral
5260,spiral
5261,spiral
5262,spiral
5263,spiral
5264,spiral
5265,spiral
5266,spiral
5267,spiral
5268,spiral
5269,spiral
5270,spiral
5271,spiral
5272,spiral
5273,spiral
5274,spiral
5275,spiral
5276,spiral
5277,spiral
5278,spiral
5279,spiral
5280,spiral
5281,spiral
5282,spiral
5283,spiral
5284,spiral
5285,spiral
5286,spiral
5287,spiral
5288,spiral
5289,spiral
5290,spiral
5291,spiral
5292,spiral
5293,spiral
5294,spiral
5295,spiral
5296,spiral
5297,spiral
5298,spiral
5299,spiral
5300,spiral
5301,spiral
5302,spiral
5303,spiral
5304,spiral
5305,spiral
5306,spiral
5307,spiral
5308,spiral
5309,spiral
5310,spiral
5311,spiral
5312,spiral
5313,spiral
5314,spiral
5315,spiral
5316,spiral
5317,spiral
5318,spiral
5319,spiral
5320,spiral
5321,spiral
5322,spiral
5323,spiral
5324,spiral
5325,spiral
5326,spiral
5327,spiral
5328,spiral
5329,spiral
5330,spiral
5331,spiral
5332,spiral
5333,spiral
5334,spiral
5335,spiral
5336,spiral
5337,spiral
5338,spiral
5339,spiral
5340,spiral
5341,spiral
5342,spiral
5343,spiral
5344,spiral
5345,spiral
5346,spiral
5347,spiral
5348,spiral
5349,spiral
5350,spiral
5351,spiral
5352,spiral
5353,spiral
5354,spiral
5355,spiral
5356,spiral
5357,spiral
5358,spiral
5359,spiral
5360,spiral
5361,spiral
5362,spiral
5363,spiral
5364,spiral
5365,spiral
5366,spiral
5367,spiral
5368,spiral
5369,spiral
5370,spiral
5371,spiral
5372,spiral
5373,spiral
5374,spiral
5375,spiral
5376,spiral
5377,spiral
5378,spiral
5379,spiral
5380,spiral
5381,spiral
5382,spiral
5383,spiral
5384,spiral
5385,spiral
5386,spiral
5387,spiral
5388,spiral
5389,spiral
5390,spiral
5391,spiral
5392,spiral
5393,spiral
5394,spiral
5395,spiral
5396,spiral
5397,spiral
5398,spiral
5399,spiral
5400,spiral
5401,spiral
5402,spiral
5403,spiral
5404,spiral
5405,spiral
5406,spiral
5407,spiral
5408,spiral
5409,spiral
5410,spiral
5411,spiral
5412,spiral
5413,spiral
5414,spiral
5415,spiral
5416,spiral
5417,spiral
5418,spiral
5419,spiral
5420,spiral
5421,spiral
5422,spiral
5423,spiral
5424,spiral
5425,spiral
5426,spiral
5427,spiral
5428,spiral
5429,spiral
5430,spiral
5431,spiral
5432,spiral
5433,spiral
5434,spiral
5435,spiral
5436,spiral
5437,spiral
5438,spiral
5439,spiral
5440,spiral
5441,spiral
5442,spiral
5443,spiral
5444,spiral
5445,spiral
5446,spiral
5447,spiral
5448,spiral
5449,spiral
5450,spiral
5451,spiral
5452,spiral
5453,spiral
5454,spiral
5455,spiral
5456,spiral
5457,spiral
5458,spiral
5459,spiral
5460,spiral
5461,spiral
5462,spiral
5463,spiral
5464,spiral
5465,spiral
5466,spiral
5467,spiral
5468,spiral
5469,spiral
5470,spiral
5471,spiral
5472,spiral
5473,spiral
5474,spiral
5475,spiral
5476,spiral
5477,spiral
5478,spiral
5479,spiral
5480,spiral
5481,spiral
5482,spiral
5483,spiral
5484,spiral
5485,spiral
5486,spiral
5487,spiral
5488,spiral
5489,spiral
5490,spiral
5491,spiral
5492,spiral
5493,spiral
5494,spiral
5495,spiral
5496,spiral
5497,spiral
5498,spiral
5499,spiral
5500,spiral
5501,spiral
5502,spiral
5503,spiral
5504,spiral
5505,spiral
5506,spiral
5507,spiral
5508,spiral
5509,spiral
5510,spiral
5511,spiral
5512,spiral
5513,spiral
5514,spiral
5515,spiral
5516,spiral
5517,spiral
5518,spiral
5519,spiral
5520,spiral
5521,spiral
5522,spiral
5523,spiral
5524,spiral
5525,spiral
5526,spiral
5527,spiral
5528,spiral
5529,spiral
5530,spiral
5531,spiral
5532,spiral
5533,spiral
5534,spiral
5535,spiral
5536,spiral
5537,spiral
5538,spiral
5539,spiral
5540,spiral
5541,spiral
5542,spiral
5543,spiral
5544,spiral
5545,spiral
5546,spiral
5547,spiral
5548,spiral
5549,spiral
5550,spiral
5551,spiral
5552,spiral
5553,spiral
5554,spiral
5555,spiral
5556,spiral
5557,spiral
5558,spiral
5559,spiral
5560,spiral
5561,spiral
5562,spiral
5563,spiral
5564,spiral
5565,spiral
5566,spiral
5567,spiral
5568,spiral
5569,spiral
5570,spiral
5571,spiral
5572,spiral
5573,spiral
5574,spiral
5575,spiral
5576,spiral
5577,spiral
5578,spiral
5579,spiral
5580,spiral
5581,spiral
5582,spiral
5583,spiral
5584,spiral
5585,spiral
5586,spiral
5587,spiral
5588,spiral
5589,spiral
5590,spiral
5591,spiral
5592,spiral
5593,spiral
5594,spiral
5595,spiral
5596,spiral
5597,spiral
5598,spiral
5599,spiral
5600,spiral
5601,spiral
5602,spiral
5603,spiral
5604,spiral
5605,spiral
5606,spiral
5607,spiral
5608,spiral
5609,spiral
5610,spiral
5611,spiral
5612,spiral
5613,spiral
5614,spiral
5615,spiral
5616,spiral
5617,spiral
5618,spiral
5619,spiral
5620,spiral
5621,spiral
5622,spiral
5623,spiral
5624,spiral
5625,spiral
5626,spiral
5627,spiral
5628,spiral
5629,spiral
5630,spiral
5631,spiral
5632,spiral
5633,spiral
5634,spiral
5635,spiral
5636,spiral
5637,spiral
5638,spiral
5639,spiral
5640,spiral
5641,spiral
5642,spiral
5643,spiral
5644,spiral
5645,spiral
5646,spiral
5647,spiral
5648,spiral
5649,spiral
5650,spiral
5651,spiral
5652,spiral
5653,spiral
5654,spiral
5655,spiral
5656,spiral
5657,spiral
5658,spiral
5659,spiral
5660,spiral
5661,spiral
5662,spiral
5663,spiral
5664,spiral
5665,spiral
5666,spiral
5667,spiral
5668,spiral
5669,spiral
5670,spiral
5671,spiral
5672,spiral
5673,spiral
5674,spiral
5675,spiral
5676,spiral
5677,spiral
5678,spiral
5679,spiral
5680,spiral
5681,spiral
5682,spiral
5683,spiral
5684,spiral
5685,spiral
5686,spiral
5687,spiral
5688,spiral
5689,spiral
5690,spiral
5691,spiral
5692,spiral
5693,spiral
5694,spiral
5695,spiral
5696,spiral
5697,spiral
5698,spiral
5699,spiral
5700,spiral
5701,spiral
5702,spiral
5703,spiral
5704,spiral
5705,spiral
5706,spiral
5707,spiral
5708,spiral
5709,spiral
5710,spiral
5711,spiral
5712,spiral
5713,spiral
5714,spiral
5715,spiral
5716,spiral
5717,spiral
5718,spiral
5719,spiral
5720,spiral
5721,spiral
5722,spiral
5723,spiral
5724,spiral
5725,spiral
5726,spiral
5727,spiral
5728,spiral
5729,spiral
5730,spiral
5731,spiral
5732,spiral
5733,spiral
5734,spiral
5735,spiral
5736,spiral
5737,spiral
5738,spiral
5739,spiral
5740,spiral
5741,spiral
5742,spiral
5743,spiral
5744,spiral
5745,spiral
5746,spiral
5747,spiral
5748,spiral
5749,spiral
5750,spiral
5751,spiral
5752,spiral
5753,spiral
5754,spiral
5755,spiral
5756,spiral
5757,spiral
5758,spiral
5759,spiral
5760,spiral
5761,spiral
5762,spiral
5763,spiral
5764,spiral
5765,spiral
5766,spiral
5767,spiral
5768,spiral
5769,spiral
5770,spiral
5771,spiral
5772,spiral
5773,spiral
5774,spiral
5775,spiral
5776,spiral
5777,spiral
5778,spiral
5779,spiral
5780,spiral
5781,spiral
5782,spiral
5783,spiral
5784,spiral
5785,spiral
5786,spiral
5787,spiral
5788,spiral
5789,spiral
5790,spiral
5791,spiral
5792,spiral
5793,spiral
5794,spiral
5795,spiral
5796,spiral
5797,spiral
5798,spiral
5799,spiral
5800,spiral
5801,spiral
5802,spiral
5803,spiral
5804,spiral
5805,spiral
5806,spiral
5807,spiral
5808,spiral
5809,spiral
5810,spiral
5811,spiral
5812,spiral
5813,spiral
5814,spiral
5815,spiral
5816,spiral
5817,spiral
5818,spiral
5819,spiral
5820,spiral
5821,spiral
5822,spiral
5823,spiral
5824,spiral
5825,spiral
5826,spiral
5827,spiral
5828,spiral
5829,spiral
5830,spiral
5831,spiral
5832,spiral
5833,spiral
5834,spiral
5835,spiral
5836,spiral
5837,spiral
5838,spiral
5839,spiral
5840,spiral
5841,spiral
5842,spiral
5843,spiral
5844,spiral
5845,spiral
5846,spiral
5847,spiral
5848,spiral
5849,spiral
5850,spiral
5851,spiral
5852,spiral
5853,spiral
5854,spiral
5855,spiral
5856,spiral
5857,spiral
5858,spiral
5859,spiral
5860,spiral
5861,spiral
5862,spiral
5863,spiral
5864,spiral
5865,spiral
5866,spiral
5867,spiral
5868,spiral
5869,spiral
5870,spiral
5871,spiral
5872,spiral
5873,spiral
5874,spiral
5875,spiral
5876,spiral
5877,spiral
5878,spiral
5879,spiral
5880,spiral
5881,spiral
5882,spiral
5883,spiral
5884,spiral
5885,spiral
5886,spiral
5887,spiral
5888,spiral
5889,spiral
5890,spiral
5891,spiral
5892,spiral
5893,spiral
5894,spiral
5895,spiral
5896,spiral
5897,spiral
5898,spiral
5899,spiral
5900,spiral
5901,spiral
5902,spiral
5903,spiral
5904,spiral
5905,spiral
5906,spiral
5907,spiral
5908,spiral
5909,spiral
5910,spiral
5911,spiral
5912,spiral
5913,spiral
5914,spiral
5915,spiral
5916,spiral
5917,spiral
5918,spiral
5919,spiral
5920,spiral
5921,spiral
5922,spiral
5923,spiral
5924,spiral
5925,spiral
5926,spiral
5927,spiral
5928,spiral
5929,spiral
5930,spiral
5931,spiral
5932,spiral
5933,spiral
5934,spiral
5935,spiral
5936,spiral
5937,spiral
5938,spiral
5939,spiral
5940,spiral
5941,spiral
5942,spiral
5943,spiral
5944,spiral
5945,spiral
5946,spiral
5947,spiral
5948,spiral
5949,spiral
5950,spiral
5951,spiral
5952,spiral
5953,spiral
5954,spiral
5955,spiral
5956,spiral
5957,spiral
5958,spiral
5959,spiral
5960,spiral
5961,spiral
5962,spiral
5963,spiral
5964,spiral
5965,spiral
5966,spiral
5967,spiral
5968,spiral
5969,spiral
5970,spiral
5971,spiral
5972,spiral
5973,spiral
5974,spiral
5975,spiral
5976,spiral
5977,spiral
5978,spiral
5979,spiral
5980,spiral
5981,spiral
5982,spiral
5983,spiral
5984,spiral
5985,spiral
5986,spiral
5987,spiral
5988,spiral
5989,spiral
5990,spiral
5991,spiral
5992,spiral
5993,spiral
5994,spiral
5995,spiral
5996,spiral
5997,spiral
5998,spiral
5999,spiral
